bayesian_threshold,bayesian_diff_threshold,intersection_length_threshold,average_success_time_rate,max_success_time_rate,min_success_time_rate,average_success_rate
0.1,0.1,1,0.324068181760979,0.7752811164923893,0.0208386633938436,0.8518518518518519
0.1,0.1,2,0.324068181760979,0.7752811164923893,0.0208386633938436,0.8518518518518519
0.1,0.1,3,0.324068181760979,0.7752811164923893,0.0208386633938436,0.8518518518518519
0.1,0.1,4,0.324068181760979,0.7752811164923893,0.0208386633938436,0.8518518518518519
0.1,0.1,5,0.3293820443748338,0.7752811164923893,0.0352932656460089,0.8888888888888888
0.1,0.1,6,0.3317518266242446,0.7752811164923893,0.0470624197376089,0.9259259259259259
0.1,0.1,7,0.33454461507592337,0.7752811164923893,0.0588186409629083,0.9629629629629629
0.1,0.1,8,0.33632742292272305,0.7752811164923893,0.0705868549400013,0.9629629629629629
0.1,0.1,9,0.342583839981549,0.7752811164923893,0.0823504539569085,1.0
0.1,0.1,10,0.34488990347088294,0.7752811164923893,0.0888945293938647,1.0
0.1,0.1,11,0.35490355781383587,0.7752811164923893,0.1000021569104342,1.0
0.1,0.1,12,0.3582561114544412,0.7752811164923893,0.1111135549619524,1.0
0.1,0.1,13,0.3627131381802404,0.7752811164923893,0.114615950486211,1.0
0.1,0.1,14,0.3670023328579178,0.7752811164923893,0.1250030692421463,1.0
0.1,0.1,15,0.37175657703105114,0.7752811164923893,0.135419623806045,1.0
0.1,0.1,16,0.37649674938872474,0.7752811164923893,0.1458363640989503,1.0
0.1,0.1,17,0.3963722527382761,0.7752811164923893,0.1562509847061825,1.0
0.1,0.1,18,0.4005975856439946,0.7752811164923893,0.1666668721873228,1.0
0.1,0.1,19,0.4057813395449313,0.7752811164923893,0.1770854188328379,1.0
0.1,0.15,1,0.3640998712016336,0.7977519303061835,0.0208386633938436,0.8888888888888888
0.1,0.15,2,0.3640998712016336,0.7977519303061835,0.0208386633938436,0.8888888888888888
0.1,0.15,3,0.3640998712016336,0.7977519303061835,0.0208386633938436,0.8888888888888888
0.1,0.15,4,0.3640998712016336,0.7977519303061835,0.0208386633938436,0.8888888888888888
0.1,0.15,5,0.3683908048171535,0.7977519303061835,0.0352932656460089,0.9259259259259259
0.1,0.15,6,0.37322956841136157,0.7977519303061835,0.0470624197376089,1.0
0.1,0.15,7,0.374047047824422,0.7977519303061835,0.0588267036976493,1.0
0.1,0.15,8,0.37539377899684007,0.7977519303061835,0.0705868549400013,1.0
0.1,0.15,9,0.37674047763955365,0.7977519303061835,0.0823504539569085,1.0
0.1,0.15,10,0.38498473256361304,0.7977519303061835,0.0888945293938647,1.0
0.1,0.15,11,0.3878735395719493,0.7977519303061835,0.1000021569104342,1.0
0.1,0.15,12,0.39070454320784226,0.7977519303061835,0.1111135549619524,1.0
0.1,0.15,13,0.3946397465378346,0.7977519303061835,0.114615950486211,1.0
0.1,0.15,14,0.39840732975531523,0.7977519303061835,0.1250030692421463,1.0
0.1,0.15,15,0.4026399480133541,0.7977519303061835,0.135419623806045,1.0
0.1,0.15,16,0.4080926498892668,0.7977519303061835,0.1458363640989503,1.0
0.1,0.15,17,0.4119074566865579,0.7977519303061835,0.1562509847061825,1.0
0.1,0.15,18,0.4157211731381482,0.7977519303061835,0.1666668721873228,1.0
0.1,0.15,19,0.41953651431835476,0.7977519303061835,0.1770854188328379,1.0
0.1,0.2,1,0.3869214837445093,0.9102523085805548,0.0208386633938436,0.8888888888888888
0.1,0.2,2,0.3869214837445093,0.9102523085805548,0.0208386633938436,0.8888888888888888
0.1,0.2,3,0.3869214837445093,0.9102523085805548,0.0208386633938436,0.8888888888888888
0.1,0.2,4,0.3869214837445093,0.9102523085805548,0.0208386633938436,0.8888888888888888
0.1,0.2,5,0.39159712546210096,0.9102523085805548,0.0352932656460089,0.9259259259259259
0.1,0.2,6,0.3969298913583784,0.9102523085805548,0.0470624197376089,1.0
0.1,0.2,7,0.39774737077143885,0.9102523085805548,0.0588267036976493,1.0
0.1,0.2,8,0.3990941019438569,0.9102523085805548,0.0705868549400013,1.0
0.1,0.2,9,0.4004408005865705,0.9102523085805548,0.0823504539569085,1.0
0.1,0.2,10,0.40904170901105974,0.9102523085805548,0.0941039400037495,1.0
0.1,0.2,11,0.41151912240767125,0.9102523085805548,0.1000021569104342,1.0
0.1,0.2,12,0.41385612374149483,0.9102523085805548,0.1111135549619524,1.0
0.1,0.2,13,0.4177913270714872,0.9102523085805548,0.1222216490315276,1.0
0.1,0.2,14,0.4211742021868961,0.9102523085805548,0.1250030692421463,1.0
0.1,0.2,15,0.42705290923058703,0.9102523085805548,0.135419623806045,1.0
0.1,0.2,16,0.4308595223208477,0.9102523085805548,0.1458363640989503,1.0
0.1,0.2,17,0.4346743291181388,0.9102523085805548,0.1562509847061825,1.0
0.1,0.2,18,0.4384880455697291,0.9102523085805548,0.1666668721873228,1.0
0.1,0.2,19,0.44230338674993563,0.9102523085805548,0.1770854188328379,1.0
0.1,0.25,1,0.4085465584611462,1.0,0.0235237602592878,0.8888888888888888
0.1,0.25,2,0.4085465584611462,1.0,0.0235237602592878,0.8888888888888888
0.1,0.25,3,0.4085465584611462,1.0,0.0235237602592878,0.8888888888888888
0.1,0.25,4,0.4085465584611462,1.0,0.0235237602592878,0.8888888888888888
0.1,0.25,5,0.40936425922139325,1.0,0.0352932656460089,0.9259259259259259
0.1,0.25,6,0.41568467286165417,1.0,0.0470624197376089,1.0
0.1,0.25,7,0.4165021522747146,1.0,0.0588267036976493,1.0
0.1,0.25,8,0.41784888344713267,1.0,0.0705868549400013,1.0
0.1,0.25,9,0.4268322835821393,1.0,0.0823504539569085,1.0
0.1,0.25,10,0.42779649051433544,1.0,0.0941039400037495,1.0
0.1,0.25,11,0.43027390391094705,1.0,0.1000021569104342,1.0
0.1,0.25,12,0.4326109052447706,1.0,0.1111135549619524,1.0
0.1,0.25,13,0.43605240450060284,1.0,0.1222216490315276,1.0
0.1,0.25,14,0.44141031285597304,1.0,0.1250030692421463,1.0
0.1,0.25,15,0.44599521805022513,1.0,0.135419623806045,1.0
0.1,0.25,16,0.4493948541667515,1.0,0.1458363640989503,1.0
0.1,0.25,17,0.4528025315973298,1.0,0.1562509847061825,1.0
0.1,0.25,18,0.45620936486831654,1.0,0.1666668721873228,1.0
0.1,0.25,19,0.464908570156445,1.0,0.1770854188328379,1.0
0.1,0.3,1,0.4156035993153385,1.0,0.0235237602592878,0.8888888888888888
0.1,0.3,2,0.4156035993153385,1.0,0.0235237602592878,0.8888888888888888
0.1,0.3,3,0.4156035993153385,1.0,0.0235237602592878,0.8888888888888888
0.1,0.3,4,0.4156035993153385,1.0,0.0235237602592878,0.8888888888888888
0.1,0.3,5,0.4164213000755857,1.0,0.0352932656460089,0.9259259259259259
0.1,0.3,6,0.424258802453734,1.0,0.0470624197376089,1.0
0.1,0.3,7,0.4250762818667944,1.0,0.0588267036976493,1.0
0.1,0.3,8,0.4339121517888618,1.0,0.0705868549400013,1.0
0.1,0.3,9,0.434876952772859,1.0,0.0823504539569085,1.0
0.1,0.3,10,0.4358411597050552,1.0,0.0941039400037495,1.0
0.1,0.3,11,0.43776556316403326,1.0,0.1058829535352797,1.0
0.1,0.3,12,0.4396910312366895,1.0,0.1111135549619524,1.0
0.1,0.3,13,0.4460130078364927,1.0,0.1250030692421463,1.0
0.1,0.3,14,0.4484904388478918,1.0,0.1250030692421463,1.0
0.1,0.3,15,0.4582794289142021,1.0,0.135419623806045,1.0
0.1,0.3,16,0.46173838174016374,1.0,0.1458363640989503,1.0
0.1,0.3,17,0.4645930214389559,1.0,0.1562509847061825,1.0
0.1,0.3,18,0.46799985470994265,1.0,0.1666668721873228,1.0
0.1,0.3,19,0.47140810579078835,1.0,0.1770854188328379,1.0
0.1,0.35,1,0.4346115066428639,1.0,0.0235237602592878,0.8888888888888888
0.1,0.35,2,0.4346115066428639,1.0,0.0235237602592878,0.8888888888888888
0.1,0.35,3,0.4346115066428639,1.0,0.0235237602592878,0.8888888888888888
0.1,0.35,4,0.4346115066428639,1.0,0.0235237602592878,0.8888888888888888
0.1,0.35,5,0.435429207403111,1.0,0.0352932656460089,0.9259259259259259
0.1,0.35,6,0.4437604750950793,1.0,0.0470624197376089,1.0
0.1,0.35,7,0.44457795450813975,1.0,0.0588267036976493,1.0
0.1,0.35,8,0.4579957152058787,1.0,0.0705868549400013,1.0
0.1,0.35,9,0.45896051618987604,1.0,0.0823504539569085,1.0
0.1,0.35,10,0.4599247231220723,1.0,0.0941039400037495,1.0
0.1,0.35,11,0.4612967061945404,1.0,0.1058829535352797,1.0
0.1,0.35,12,0.46322217426719664,1.0,0.1176479998504391,1.0
0.1,0.35,13,0.46625226263156316,1.0,0.1294109435713566,1.0
0.1,0.35,14,0.4784975979880201,1.0,0.135419623806045,1.0
0.1,0.35,15,0.4822330895643986,1.0,0.135419623806045,1.0
0.1,0.35,16,0.484586446552811,1.0,0.1458363640989503,1.0
0.1,0.35,17,0.48694732093778326,1.0,0.1562509847061825,1.0
0.1,0.35,18,0.4898014897024802,1.0,0.1666668721873228,1.0
0.1,0.35,19,0.4932097407833258,1.0,0.1770854188328379,1.0
0.1,0.4,1,0.4525082294698822,1.0,0.0235237602592878,0.8888888888888888
0.1,0.4,2,0.4525082294698822,1.0,0.0235237602592878,0.8888888888888888
0.1,0.4,3,0.4525082294698822,1.0,0.0235237602592878,0.8888888888888888
0.1,0.4,4,0.4525082294698822,1.0,0.0235237602592878,0.8888888888888888
0.1,0.4,5,0.45332593023012924,1.0,0.0352932656460089,0.9259259259259259
0.1,0.4,6,0.46215103259905466,1.0,0.0470624197376089,1.0
0.1,0.4,7,0.47595071155272994,1.0,0.0588267036976493,1.0
0.1,0.4,8,0.4763862727098541,1.0,0.0705868549400013,1.0
0.1,0.4,9,0.47735107369385144,1.0,0.0823504539569085,1.0
0.1,0.4,10,0.4783152806260476,1.0,0.0941039400037495,1.0
0.1,0.4,11,0.47928031236984625,1.0,0.1058829535352797,1.0
0.1,0.4,12,0.4812057804425025,1.0,0.1176479998504391,1.0
0.1,0.4,13,0.49441067407365674,1.0,0.1294109435713566,1.0
0.1,0.4,14,0.5086426936504859,1.0,0.135419623806045,1.0
0.1,0.4,15,0.5101673322667424,1.0,0.135419623806045,1.0
0.1,0.4,16,0.5125206892551548,1.0,0.1458363640989503,1.0
0.1,0.4,17,0.5148815636401269,1.0,0.1562509847061825,1.0
0.1,0.4,18,0.5172418977278669,1.0,0.1666668721873228,1.0
0.1,0.4,19,0.5200971759410047,1.0,0.1770854188328379,1.0
0.1,0.45,1,0.47013902145064496,0.9666652449045674,0.0309250192346112,0.9259259259259259
0.1,0.45,2,0.47013902145064496,0.9666652449045674,0.0309250192346112,0.9259259259259259
0.1,0.45,3,0.47013902145064496,0.9666652449045674,0.0309250192346112,0.9259259259259259
0.1,0.45,4,0.47013902145064496,0.9666652449045674,0.0309250192346112,0.9259259259259259
0.1,0.45,5,0.4705208146039764,0.9666652449045674,0.0352932656460089,0.9259259259259259
0.1,0.45,6,0.48036888550488965,0.9666652449045674,0.0470624197376089,1.0
0.1,0.45,7,0.4941685644585649,0.9666652449045674,0.0588267036976493,1.0
0.1,0.45,8,0.494604125615689,0.9666652449045674,0.0705868549400013,1.0
0.1,0.45,9,0.495039814468167,0.9666652449045674,0.0823504539569085,1.0
0.1,0.45,10,0.49600402140036326,0.9666652449045674,0.0941039400037495,1.0
0.1,0.45,11,0.4969690531441619,0.9666652449045674,0.1058829535352797,1.0
0.1,0.45,12,0.5101441157073028,0.9666652449045674,0.1176479998504391,1.0
0.1,0.45,13,0.5260343995336164,0.9666652449045674,0.1294109435713566,1.0
0.1,0.45,14,0.5280809500013498,0.9666652449045674,0.135419623806045,1.0
0.1,0.45,15,0.5290765451897906,0.9666652449045674,0.135419623806045,1.0
0.1,0.45,16,0.5314299021782032,0.9666652449045674,0.1458363640989503,1.0
0.1,0.45,17,0.5337907765631753,0.9666652449045674,0.1562509847061825,1.0
0.1,0.45,18,0.536151110650915,0.9666652449045674,0.1666668721873228,1.0
0.1,0.45,19,0.5385125324635844,0.9666652449045674,0.1770854188328379,1.0
0.1,0.5,1,0.5595290546586166,0.9777840199694716,0.0309250192346112,1.0
0.1,0.5,2,0.5595290546586166,0.9777840199694716,0.0309250192346112,1.0
0.1,0.5,3,0.5595290546586166,0.9777840199694716,0.0309250192346112,1.0
0.1,0.5,4,0.5595290546586166,0.9777840199694716,0.0309250192346112,1.0
0.1,0.5,5,0.559910847811948,0.9777840199694716,0.0412334343745612,1.0
0.1,0.5,6,0.5736566713414927,0.9777840199694716,0.0470624197376089,1.0
0.1,0.5,7,0.574092385562235,0.9777840199694716,0.0588267036976493,1.0
0.1,0.5,8,0.5745279467193589,0.9777840199694716,0.0705868549400013,1.0
0.1,0.5,9,0.574963635571837,0.9777840199694716,0.0823504539569085,1.0
0.1,0.5,10,0.5759278425040333,0.9777840199694716,0.0941039400037495,1.0
0.1,0.5,11,0.5768928742478319,0.9777840199694716,0.1058829535352797,1.0
0.1,0.5,12,0.5778582447666845,0.9777840199694716,0.1176479998504391,1.0
0.1,0.5,13,0.5788229340201426,0.9777840199694716,0.1294109435713566,1.0
0.1,0.5,14,0.5813983375664855,0.9777840199694716,0.135419623806045,1.0
0.1,0.5,15,0.5823939327549263,0.9777840199694716,0.135419623806045,1.0
0.1,0.5,16,0.5842184366647292,0.9777840199694716,0.1458363640989503,1.0
0.1,0.5,17,0.5865793110497013,0.9777840199694716,0.1562509847061825,1.0
0.1,0.5,18,0.5889396451374412,0.9777840199694716,0.1666668721873228,1.0
0.1,0.5,19,0.5913010669501104,0.9777840199694716,0.1770854188328379,1.0
0.2,0.1,1,0.38499327632219704,0.9102523085805548,0.0208386633938436,0.8888888888888888
0.2,0.1,2,0.38499327632219704,0.9102523085805548,0.0208386633938436,0.8888888888888888
0.2,0.1,3,0.38499327632219704,0.9102523085805548,0.0208386633938436,0.8888888888888888
0.2,0.1,4,0.38499327632219704,0.9102523085805548,0.0208386633938436,0.8888888888888888
0.2,0.1,5,0.38928420993771695,0.9102523085805548,0.0352932656460089,0.9259259259259259
0.2,0.1,6,0.3916539921871276,0.9102523085805548,0.0470624197376089,0.9629629629629629
0.2,0.1,7,0.3944467806388064,0.9102523085805548,0.0588267036976493,1.0
0.2,0.1,8,0.3957935118112244,0.9102523085805548,0.0705868549400013,1.0
0.2,0.1,9,0.3971402104539379,0.9102523085805548,0.0823504539569085,1.0
0.2,0.1,10,0.40574111887842723,0.9102523085805548,0.0941039400037495,1.0
0.2,0.1,11,0.40871220458121776,0.9102523085805548,0.1000021569104342,1.0
0.2,0.1,12,0.4115432082171107,0.9102523085805548,0.1111135549619524,1.0
0.2,0.1,13,0.4154784115471032,0.9102523085805548,0.114615950486211,1.0
0.2,0.1,14,0.4192459947645837,0.9102523085805548,0.1250030692421463,1.0
0.2,0.1,15,0.4251247018082747,0.9102523085805548,0.135419623806045,1.0
0.2,0.1,16,0.42893131489853537,0.9102523085805548,0.1458363640989503,1.0
0.2,0.1,17,0.4327461216958264,0.9102523085805548,0.1562509847061825,1.0
0.2,0.1,18,0.4365598381474168,0.9102523085805548,0.1666668721873228,1.0
0.2,0.1,19,0.4403751793276233,0.9102523085805548,0.1770854188328379,1.0
0.2,0.15,1,0.38546808507633934,0.9102523085805548,0.0208386633938436,0.8888888888888888
0.2,0.15,2,0.38546808507633934,0.9102523085805548,0.0208386633938436,0.8888888888888888
0.2,0.15,3,0.38546808507633934,0.9102523085805548,0.0208386633938436,0.8888888888888888
0.2,0.15,4,0.38546808507633934,0.9102523085805548,0.0208386633938436,0.8888888888888888
0.2,0.15,5,0.38975901869185925,0.9102523085805548,0.0352932656460089,0.9259259259259259
0.2,0.15,6,0.3945977822860673,0.9102523085805548,0.0470624197376089,1.0
0.2,0.15,7,0.3954152616991277,0.9102523085805548,0.0588267036976493,1.0
0.2,0.15,8,0.3967619928715458,0.9102523085805548,0.0705868549400013,1.0
0.2,0.15,9,0.39810869151425937,0.9102523085805548,0.0823504539569085,1.0
0.2,0.15,10,0.4067095999387486,0.9102523085805548,0.0941039400037495,1.0
0.2,0.15,11,0.4091870133353601,0.9102523085805548,0.1000021569104342,1.0
0.2,0.15,12,0.4120180169712531,0.9102523085805548,0.1111135549619524,1.0
0.2,0.15,13,0.4159532203012455,0.9102523085805548,0.114615950486211,1.0
0.2,0.15,14,0.419720803518726,0.9102523085805548,0.1250030692421463,1.0
0.2,0.15,15,0.425599510562417,0.9102523085805548,0.135419623806045,1.0
0.2,0.15,16,0.42940612365267766,0.9102523085805548,0.1458363640989503,1.0
0.2,0.15,17,0.43322093044996884,0.9102523085805548,0.1562509847061825,1.0
0.2,0.15,18,0.4370346469015591,0.9102523085805548,0.1666668721873228,1.0
0.2,0.15,19,0.4408499880817657,0.9102523085805548,0.1770854188328379,1.0
0.2,0.2,1,0.3869214837445093,0.9102523085805548,0.0208386633938436,0.8888888888888888
0.2,0.2,2,0.3869214837445093,0.9102523085805548,0.0208386633938436,0.8888888888888888
0.2,0.2,3,0.3869214837445093,0.9102523085805548,0.0208386633938436,0.8888888888888888
0.2,0.2,4,0.3869214837445093,0.9102523085805548,0.0208386633938436,0.8888888888888888
0.2,0.2,5,0.39159712546210096,0.9102523085805548,0.0352932656460089,0.9259259259259259
0.2,0.2,6,0.3969298913583784,0.9102523085805548,0.0470624197376089,1.0
0.2,0.2,7,0.39774737077143885,0.9102523085805548,0.0588267036976493,1.0
0.2,0.2,8,0.3990941019438569,0.9102523085805548,0.0705868549400013,1.0
0.2,0.2,9,0.4004408005865705,0.9102523085805548,0.0823504539569085,1.0
0.2,0.2,10,0.40904170901105974,0.9102523085805548,0.0941039400037495,1.0
0.2,0.2,11,0.41151912240767125,0.9102523085805548,0.1000021569104342,1.0
0.2,0.2,12,0.41385612374149483,0.9102523085805548,0.1111135549619524,1.0
0.2,0.2,13,0.4177913270714872,0.9102523085805548,0.1222216490315276,1.0
0.2,0.2,14,0.4211742021868961,0.9102523085805548,0.1250030692421463,1.0
0.2,0.2,15,0.42705290923058703,0.9102523085805548,0.135419623806045,1.0
0.2,0.2,16,0.4308595223208477,0.9102523085805548,0.1458363640989503,1.0
0.2,0.2,17,0.4346743291181388,0.9102523085805548,0.1562509847061825,1.0
0.2,0.2,18,0.4384880455697291,0.9102523085805548,0.1666668721873228,1.0
0.2,0.2,19,0.44230338674993563,0.9102523085805548,0.1770854188328379,1.0
0.2,0.25,1,0.4085465584611462,1.0,0.0235237602592878,0.8888888888888888
0.2,0.25,2,0.4085465584611462,1.0,0.0235237602592878,0.8888888888888888
0.2,0.25,3,0.4085465584611462,1.0,0.0235237602592878,0.8888888888888888
0.2,0.25,4,0.4085465584611462,1.0,0.0235237602592878,0.8888888888888888
0.2,0.25,5,0.40936425922139325,1.0,0.0352932656460089,0.9259259259259259
0.2,0.25,6,0.41568467286165417,1.0,0.0470624197376089,1.0
0.2,0.25,7,0.4165021522747146,1.0,0.0588267036976493,1.0
0.2,0.25,8,0.41784888344713267,1.0,0.0705868549400013,1.0
0.2,0.25,9,0.4268322835821393,1.0,0.0823504539569085,1.0
0.2,0.25,10,0.42779649051433544,1.0,0.0941039400037495,1.0
0.2,0.25,11,0.43027390391094705,1.0,0.1000021569104342,1.0
0.2,0.25,12,0.4326109052447706,1.0,0.1111135549619524,1.0
0.2,0.25,13,0.43605240450060284,1.0,0.1222216490315276,1.0
0.2,0.25,14,0.44141031285597304,1.0,0.1250030692421463,1.0
0.2,0.25,15,0.44599521805022513,1.0,0.135419623806045,1.0
0.2,0.25,16,0.4493948541667515,1.0,0.1458363640989503,1.0
0.2,0.25,17,0.4528025315973298,1.0,0.1562509847061825,1.0
0.2,0.25,18,0.45620936486831654,1.0,0.1666668721873228,1.0
0.2,0.25,19,0.464908570156445,1.0,0.1770854188328379,1.0
0.2,0.3,1,0.4156035993153385,1.0,0.0235237602592878,0.8888888888888888
0.2,0.3,2,0.4156035993153385,1.0,0.0235237602592878,0.8888888888888888
0.2,0.3,3,0.4156035993153385,1.0,0.0235237602592878,0.8888888888888888
0.2,0.3,4,0.4156035993153385,1.0,0.0235237602592878,0.8888888888888888
0.2,0.3,5,0.4164213000755857,1.0,0.0352932656460089,0.9259259259259259
0.2,0.3,6,0.424258802453734,1.0,0.0470624197376089,1.0
0.2,0.3,7,0.4250762818667944,1.0,0.0588267036976493,1.0
0.2,0.3,8,0.4339121517888618,1.0,0.0705868549400013,1.0
0.2,0.3,9,0.434876952772859,1.0,0.0823504539569085,1.0
0.2,0.3,10,0.4358411597050552,1.0,0.0941039400037495,1.0
0.2,0.3,11,0.43776556316403326,1.0,0.1058829535352797,1.0
0.2,0.3,12,0.4396910312366895,1.0,0.1111135549619524,1.0
0.2,0.3,13,0.4460130078364927,1.0,0.1250030692421463,1.0
0.2,0.3,14,0.4484904388478918,1.0,0.1250030692421463,1.0
0.2,0.3,15,0.4582794289142021,1.0,0.135419623806045,1.0
0.2,0.3,16,0.46173838174016374,1.0,0.1458363640989503,1.0
0.2,0.3,17,0.4645930214389559,1.0,0.1562509847061825,1.0
0.2,0.3,18,0.46799985470994265,1.0,0.1666668721873228,1.0
0.2,0.3,19,0.47140810579078835,1.0,0.1770854188328379,1.0
0.2,0.35,1,0.4346115066428639,1.0,0.0235237602592878,0.8888888888888888
0.2,0.35,2,0.4346115066428639,1.0,0.0235237602592878,0.8888888888888888
0.2,0.35,3,0.4346115066428639,1.0,0.0235237602592878,0.8888888888888888
0.2,0.35,4,0.4346115066428639,1.0,0.0235237602592878,0.8888888888888888
0.2,0.35,5,0.435429207403111,1.0,0.0352932656460089,0.9259259259259259
0.2,0.35,6,0.4437604750950793,1.0,0.0470624197376089,1.0
0.2,0.35,7,0.44457795450813975,1.0,0.0588267036976493,1.0
0.2,0.35,8,0.4579957152058787,1.0,0.0705868549400013,1.0
0.2,0.35,9,0.45896051618987604,1.0,0.0823504539569085,1.0
0.2,0.35,10,0.4599247231220723,1.0,0.0941039400037495,1.0
0.2,0.35,11,0.4612967061945404,1.0,0.1058829535352797,1.0
0.2,0.35,12,0.46322217426719664,1.0,0.1176479998504391,1.0
0.2,0.35,13,0.46625226263156316,1.0,0.1294109435713566,1.0
0.2,0.35,14,0.4784975979880201,1.0,0.135419623806045,1.0
0.2,0.35,15,0.4822330895643986,1.0,0.135419623806045,1.0
0.2,0.35,16,0.484586446552811,1.0,0.1458363640989503,1.0
0.2,0.35,17,0.48694732093778326,1.0,0.1562509847061825,1.0
0.2,0.35,18,0.4898014897024802,1.0,0.1666668721873228,1.0
0.2,0.35,19,0.4932097407833258,1.0,0.1770854188328379,1.0
0.2,0.4,1,0.4525082294698822,1.0,0.0235237602592878,0.8888888888888888
0.2,0.4,2,0.4525082294698822,1.0,0.0235237602592878,0.8888888888888888
0.2,0.4,3,0.4525082294698822,1.0,0.0235237602592878,0.8888888888888888
0.2,0.4,4,0.4525082294698822,1.0,0.0235237602592878,0.8888888888888888
0.2,0.4,5,0.45332593023012924,1.0,0.0352932656460089,0.9259259259259259
0.2,0.4,6,0.46215103259905466,1.0,0.0470624197376089,1.0
0.2,0.4,7,0.47595071155272994,1.0,0.0588267036976493,1.0
0.2,0.4,8,0.4763862727098541,1.0,0.0705868549400013,1.0
0.2,0.4,9,0.47735107369385144,1.0,0.0823504539569085,1.0
0.2,0.4,10,0.4783152806260476,1.0,0.0941039400037495,1.0
0.2,0.4,11,0.47928031236984625,1.0,0.1058829535352797,1.0
0.2,0.4,12,0.4812057804425025,1.0,0.1176479998504391,1.0
0.2,0.4,13,0.49441067407365674,1.0,0.1294109435713566,1.0
0.2,0.4,14,0.5086426936504859,1.0,0.135419623806045,1.0
0.2,0.4,15,0.5101673322667424,1.0,0.135419623806045,1.0
0.2,0.4,16,0.5125206892551548,1.0,0.1458363640989503,1.0
0.2,0.4,17,0.5148815636401269,1.0,0.1562509847061825,1.0
0.2,0.4,18,0.5172418977278669,1.0,0.1666668721873228,1.0
0.2,0.4,19,0.5200971759410047,1.0,0.1770854188328379,1.0
0.2,0.45,1,0.47013902145064496,0.9666652449045674,0.0309250192346112,0.9259259259259259
0.2,0.45,2,0.47013902145064496,0.9666652449045674,0.0309250192346112,0.9259259259259259
0.2,0.45,3,0.47013902145064496,0.9666652449045674,0.0309250192346112,0.9259259259259259
0.2,0.45,4,0.47013902145064496,0.9666652449045674,0.0309250192346112,0.9259259259259259
0.2,0.45,5,0.4705208146039764,0.9666652449045674,0.0352932656460089,0.9259259259259259
0.2,0.45,6,0.48036888550488965,0.9666652449045674,0.0470624197376089,1.0
0.2,0.45,7,0.4941685644585649,0.9666652449045674,0.0588267036976493,1.0
0.2,0.45,8,0.494604125615689,0.9666652449045674,0.0705868549400013,1.0
0.2,0.45,9,0.495039814468167,0.9666652449045674,0.0823504539569085,1.0
0.2,0.45,10,0.49600402140036326,0.9666652449045674,0.0941039400037495,1.0
0.2,0.45,11,0.4969690531441619,0.9666652449045674,0.1058829535352797,1.0
0.2,0.45,12,0.5101441157073028,0.9666652449045674,0.1176479998504391,1.0
0.2,0.45,13,0.5260343995336164,0.9666652449045674,0.1294109435713566,1.0
0.2,0.45,14,0.5280809500013498,0.9666652449045674,0.135419623806045,1.0
0.2,0.45,15,0.5290765451897906,0.9666652449045674,0.135419623806045,1.0
0.2,0.45,16,0.5314299021782032,0.9666652449045674,0.1458363640989503,1.0
0.2,0.45,17,0.5337907765631753,0.9666652449045674,0.1562509847061825,1.0
0.2,0.45,18,0.536151110650915,0.9666652449045674,0.1666668721873228,1.0
0.2,0.45,19,0.5385125324635844,0.9666652449045674,0.1770854188328379,1.0
0.2,0.5,1,0.5595290546586166,0.9777840199694716,0.0309250192346112,1.0
0.2,0.5,2,0.5595290546586166,0.9777840199694716,0.0309250192346112,1.0
0.2,0.5,3,0.5595290546586166,0.9777840199694716,0.0309250192346112,1.0
0.2,0.5,4,0.5595290546586166,0.9777840199694716,0.0309250192346112,1.0
0.2,0.5,5,0.559910847811948,0.9777840199694716,0.0412334343745612,1.0
0.2,0.5,6,0.5736566713414927,0.9777840199694716,0.0470624197376089,1.0
0.2,0.5,7,0.574092385562235,0.9777840199694716,0.0588267036976493,1.0
0.2,0.5,8,0.5745279467193589,0.9777840199694716,0.0705868549400013,1.0
0.2,0.5,9,0.574963635571837,0.9777840199694716,0.0823504539569085,1.0
0.2,0.5,10,0.5759278425040333,0.9777840199694716,0.0941039400037495,1.0
0.2,0.5,11,0.5768928742478319,0.9777840199694716,0.1058829535352797,1.0
0.2,0.5,12,0.5778582447666845,0.9777840199694716,0.1176479998504391,1.0
0.2,0.5,13,0.5788229340201426,0.9777840199694716,0.1294109435713566,1.0
0.2,0.5,14,0.5813983375664855,0.9777840199694716,0.135419623806045,1.0
0.2,0.5,15,0.5823939327549263,0.9777840199694716,0.135419623806045,1.0
0.2,0.5,16,0.5842184366647292,0.9777840199694716,0.1458363640989503,1.0
0.2,0.5,17,0.5865793110497013,0.9777840199694716,0.1562509847061825,1.0
0.2,0.5,18,0.5889396451374412,0.9777840199694716,0.1666668721873228,1.0
0.2,0.5,19,0.5913010669501104,0.9777840199694716,0.1770854188328379,1.0
0.3,0.1,1,0.4047182901143469,1.0,0.0208386633938436,0.8888888888888888
0.3,0.1,2,0.4047182901143469,1.0,0.0208386633938436,0.8888888888888888
0.3,0.1,3,0.4047182901143469,1.0,0.0208386633938436,0.8888888888888888
0.3,0.1,4,0.4047182901143469,1.0,0.0208386633938436,0.8888888888888888
0.3,0.1,5,0.40900922372986687,1.0,0.0352932656460089,0.9259259259259259
0.3,0.1,6,0.41137900597927746,1.0,0.0470624197376089,0.9629629629629629
0.3,0.1,7,0.41417179443095625,1.0,0.0588267036976493,1.0
0.3,0.1,8,0.4235371247543837,1.0,0.0705868549400013,1.0
0.3,0.1,9,0.424501925738381,1.0,0.0823504539569085,1.0
0.3,0.1,10,0.42546613267057726,1.0,0.0941039400037495,1.0
0.3,0.1,11,0.4278842084357342,1.0,0.1058829535352797,1.0
0.3,0.1,12,0.4303036788104599,1.0,0.1111135549619524,1.0
0.3,0.1,13,0.43711935948442326,1.0,0.114615950486211,1.0
0.3,0.1,14,0.4404754422677175,1.0,0.1250030692421463,1.0
0.3,0.1,15,0.4503513016692525,1.0,0.135419623806045,1.0
0.3,0.1,16,0.4543039755175649,1.0,0.1458363640989503,1.0
0.3,0.1,17,0.45715861521635714,1.0,0.1562509847061825,1.0
0.3,0.1,18,0.4605654484873438,1.0,0.1666668721873228,1.0
0.3,0.1,19,0.46397369956818957,1.0,0.1770854188328379,1.0
0.3,0.15,1,0.4047182901143469,1.0,0.0208386633938436,0.8888888888888888
0.3,0.15,2,0.4047182901143469,1.0,0.0208386633938436,0.8888888888888888
0.3,0.15,3,0.4047182901143469,1.0,0.0208386633938436,0.8888888888888888
0.3,0.15,4,0.4047182901143469,1.0,0.0208386633938436,0.8888888888888888
0.3,0.15,5,0.40900922372986687,1.0,0.0352932656460089,0.9259259259259259
0.3,0.15,6,0.41384798732407485,1.0,0.0470624197376089,1.0
0.3,0.15,7,0.41466546673713534,1.0,0.0588267036976493,1.0
0.3,0.15,8,0.42403079706056274,1.0,0.0705868549400013,1.0
0.3,0.15,9,0.4249955980445601,1.0,0.0823504539569085,1.0
0.3,0.15,10,0.42595980497675634,1.0,0.0941039400037495,1.0
0.3,0.15,11,0.4278842084357342,1.0,0.1058829535352797,1.0
0.3,0.15,12,0.4303036788104599,1.0,0.1111135549619524,1.0
0.3,0.15,13,0.43711935948442326,1.0,0.114615950486211,1.0
0.3,0.15,14,0.4404754422677175,1.0,0.1250030692421463,1.0
0.3,0.15,15,0.4503513016692525,1.0,0.135419623806045,1.0
0.3,0.15,16,0.4543039755175649,1.0,0.1458363640989503,1.0
0.3,0.15,17,0.45715861521635714,1.0,0.1562509847061825,1.0
0.3,0.15,18,0.4605654484873438,1.0,0.1666668721873228,1.0
0.3,0.15,19,0.46397369956818957,1.0,0.1770854188328379,1.0
0.3,0.2,1,0.4047182901143469,1.0,0.0208386633938436,0.8888888888888888
0.3,0.2,2,0.4047182901143469,1.0,0.0208386633938436,0.8888888888888888
0.3,0.2,3,0.4047182901143469,1.0,0.0208386633938436,0.8888888888888888
0.3,0.2,4,0.4047182901143469,1.0,0.0208386633938436,0.8888888888888888
0.3,0.2,5,0.40939393183193856,1.0,0.0352932656460089,0.9259259259259259
0.3,0.2,6,0.414726697728216,1.0,0.0470624197376089,1.0
0.3,0.2,7,0.41554417714127645,1.0,0.0588267036976493,1.0
0.3,0.2,8,0.42490950746470385,1.0,0.0705868549400013,1.0
0.3,0.2,9,0.4258743084487011,1.0,0.0823504539569085,1.0
0.3,0.2,10,0.42683851538089734,1.0,0.0941039400037495,1.0
0.3,0.2,11,0.42876291883987533,1.0,0.1058829535352797,1.0
0.3,0.2,12,0.4306883869125315,1.0,0.1111135549619524,1.0
0.3,0.2,13,0.43750406758649485,1.0,0.1250030692421463,1.0
0.3,0.2,14,0.4404754422677175,1.0,0.1250030692421463,1.0
0.3,0.2,15,0.4503513016692525,1.0,0.135419623806045,1.0
0.3,0.2,16,0.4543039755175649,1.0,0.1458363640989503,1.0
0.3,0.2,17,0.45715861521635714,1.0,0.1562509847061825,1.0
0.3,0.2,18,0.4605654484873438,1.0,0.1666668721873228,1.0
0.3,0.2,19,0.46397369956818957,1.0,0.1770854188328379,1.0
0.3,0.25,1,0.4136870686224188,1.0,0.0235237602592878,0.8888888888888888
0.3,0.25,2,0.4136870686224188,1.0,0.0235237602592878,0.8888888888888888
0.3,0.25,3,0.4136870686224188,1.0,0.0235237602592878,0.8888888888888888
0.3,0.25,4,0.4136870686224188,1.0,0.0235237602592878,0.8888888888888888
0.3,0.25,5,0.4145047693826658,1.0,0.0352932656460089,0.9259259259259259
0.3,0.25,6,0.4208251830229268,1.0,0.0470624197376089,1.0
0.3,0.25,7,0.42164266243598725,1.0,0.0588267036976493,1.0
0.3,0.25,8,0.43100799275941454,1.0,0.0705868549400013,1.0
0.3,0.25,9,0.4319727937434119,1.0,0.0823504539569085,1.0
0.3,0.25,10,0.43293700067560814,1.0,0.0941039400037495,1.0
0.3,0.25,11,0.434861404134586,1.0,0.1058829535352797,1.0
0.3,0.25,12,0.43678687220724227,1.0,0.1111135549619524,1.0
0.3,0.25,13,0.4431088488070455,1.0,0.1250030692421463,1.0
0.3,0.25,14,0.44558627981844473,1.0,0.1250030692421463,1.0
0.3,0.25,15,0.45546213921997974,1.0,0.135419623806045,1.0
0.3,0.25,16,0.45941481306829224,1.0,0.1458363640989503,1.0
0.3,0.25,17,0.4622694527670845,1.0,0.1562509847061825,1.0
0.3,0.25,18,0.46567628603807104,1.0,0.1666668721873228,1.0
0.3,0.25,19,0.46908453711891673,1.0,0.1770854188328379,1.0
0.3,0.3,1,0.4156035993153385,1.0,0.0235237602592878,0.8888888888888888
0.3,0.3,2,0.4156035993153385,1.0,0.0235237602592878,0.8888888888888888
0.3,0.3,3,0.4156035993153385,1.0,0.0235237602592878,0.8888888888888888
0.3,0.3,4,0.4156035993153385,1.0,0.0235237602592878,0.8888888888888888
0.3,0.3,5,0.4164213000755857,1.0,0.0352932656460089,0.9259259259259259
0.3,0.3,6,0.424258802453734,1.0,0.0470624197376089,1.0
0.3,0.3,7,0.4250762818667944,1.0,0.0588267036976493,1.0
0.3,0.3,8,0.4339121517888618,1.0,0.0705868549400013,1.0
0.3,0.3,9,0.434876952772859,1.0,0.0823504539569085,1.0
0.3,0.3,10,0.4358411597050552,1.0,0.0941039400037495,1.0
0.3,0.3,11,0.43776556316403326,1.0,0.1058829535352797,1.0
0.3,0.3,12,0.4396910312366895,1.0,0.1111135549619524,1.0
0.3,0.3,13,0.4460130078364927,1.0,0.1250030692421463,1.0
0.3,0.3,14,0.4484904388478918,1.0,0.1250030692421463,1.0
0.3,0.3,15,0.4582794289142021,1.0,0.135419623806045,1.0
0.3,0.3,16,0.46173838174016374,1.0,0.1458363640989503,1.0
0.3,0.3,17,0.4645930214389559,1.0,0.1562509847061825,1.0
0.3,0.3,18,0.46799985470994265,1.0,0.1666668721873228,1.0
0.3,0.3,19,0.47140810579078835,1.0,0.1770854188328379,1.0
0.3,0.35,1,0.4346115066428639,1.0,0.0235237602592878,0.8888888888888888
0.3,0.35,2,0.4346115066428639,1.0,0.0235237602592878,0.8888888888888888
0.3,0.35,3,0.4346115066428639,1.0,0.0235237602592878,0.8888888888888888
0.3,0.35,4,0.4346115066428639,1.0,0.0235237602592878,0.8888888888888888
0.3,0.35,5,0.435429207403111,1.0,0.0352932656460089,0.9259259259259259
0.3,0.35,6,0.4437604750950793,1.0,0.0470624197376089,1.0
0.3,0.35,7,0.44457795450813975,1.0,0.0588267036976493,1.0
0.3,0.35,8,0.4579957152058787,1.0,0.0705868549400013,1.0
0.3,0.35,9,0.45896051618987604,1.0,0.0823504539569085,1.0
0.3,0.35,10,0.4599247231220723,1.0,0.0941039400037495,1.0
0.3,0.35,11,0.4612967061945404,1.0,0.1058829535352797,1.0
0.3,0.35,12,0.46322217426719664,1.0,0.1176479998504391,1.0
0.3,0.35,13,0.46625226263156316,1.0,0.1294109435713566,1.0
0.3,0.35,14,0.4784975979880201,1.0,0.135419623806045,1.0
0.3,0.35,15,0.4822330895643986,1.0,0.135419623806045,1.0
0.3,0.35,16,0.484586446552811,1.0,0.1458363640989503,1.0
0.3,0.35,17,0.48694732093778326,1.0,0.1562509847061825,1.0
0.3,0.35,18,0.4898014897024802,1.0,0.1666668721873228,1.0
0.3,0.35,19,0.4932097407833258,1.0,0.1770854188328379,1.0
0.3,0.4,1,0.4525082294698822,1.0,0.0235237602592878,0.8888888888888888
0.3,0.4,2,0.4525082294698822,1.0,0.0235237602592878,0.8888888888888888
0.3,0.4,3,0.4525082294698822,1.0,0.0235237602592878,0.8888888888888888
0.3,0.4,4,0.4525082294698822,1.0,0.0235237602592878,0.8888888888888888
0.3,0.4,5,0.45332593023012924,1.0,0.0352932656460089,0.9259259259259259
0.3,0.4,6,0.46215103259905466,1.0,0.0470624197376089,1.0
0.3,0.4,7,0.47595071155272994,1.0,0.0588267036976493,1.0
0.3,0.4,8,0.4763862727098541,1.0,0.0705868549400013,1.0
0.3,0.4,9,0.47735107369385144,1.0,0.0823504539569085,1.0
0.3,0.4,10,0.4783152806260476,1.0,0.0941039400037495,1.0
0.3,0.4,11,0.47928031236984625,1.0,0.1058829535352797,1.0
0.3,0.4,12,0.4812057804425025,1.0,0.1176479998504391,1.0
0.3,0.4,13,0.49441067407365674,1.0,0.1294109435713566,1.0
0.3,0.4,14,0.5086426936504859,1.0,0.135419623806045,1.0
0.3,0.4,15,0.5101673322667424,1.0,0.135419623806045,1.0
0.3,0.4,16,0.5125206892551548,1.0,0.1458363640989503,1.0
0.3,0.4,17,0.5148815636401269,1.0,0.1562509847061825,1.0
0.3,0.4,18,0.5172418977278669,1.0,0.1666668721873228,1.0
0.3,0.4,19,0.5200971759410047,1.0,0.1770854188328379,1.0
0.3,0.45,1,0.47013902145064496,0.9666652449045674,0.0309250192346112,0.9259259259259259
0.3,0.45,2,0.47013902145064496,0.9666652449045674,0.0309250192346112,0.9259259259259259
0.3,0.45,3,0.47013902145064496,0.9666652449045674,0.0309250192346112,0.9259259259259259
0.3,0.45,4,0.47013902145064496,0.9666652449045674,0.0309250192346112,0.9259259259259259
0.3,0.45,5,0.4705208146039764,0.9666652449045674,0.0352932656460089,0.9259259259259259
0.3,0.45,6,0.48036888550488965,0.9666652449045674,0.0470624197376089,1.0
0.3,0.45,7,0.4941685644585649,0.9666652449045674,0.0588267036976493,1.0
0.3,0.45,8,0.494604125615689,0.9666652449045674,0.0705868549400013,1.0
0.3,0.45,9,0.495039814468167,0.9666652449045674,0.0823504539569085,1.0
0.3,0.45,10,0.49600402140036326,0.9666652449045674,0.0941039400037495,1.0
0.3,0.45,11,0.4969690531441619,0.9666652449045674,0.1058829535352797,1.0
0.3,0.45,12,0.5101441157073028,0.9666652449045674,0.1176479998504391,1.0
0.3,0.45,13,0.5260343995336164,0.9666652449045674,0.1294109435713566,1.0
0.3,0.45,14,0.5280809500013498,0.9666652449045674,0.135419623806045,1.0
0.3,0.45,15,0.5290765451897906,0.9666652449045674,0.135419623806045,1.0
0.3,0.45,16,0.5314299021782032,0.9666652449045674,0.1458363640989503,1.0
0.3,0.45,17,0.5337907765631753,0.9666652449045674,0.1562509847061825,1.0
0.3,0.45,18,0.536151110650915,0.9666652449045674,0.1666668721873228,1.0
0.3,0.45,19,0.5385125324635844,0.9666652449045674,0.1770854188328379,1.0
0.3,0.5,1,0.5595290546586166,0.9777840199694716,0.0309250192346112,1.0
0.3,0.5,2,0.5595290546586166,0.9777840199694716,0.0309250192346112,1.0
0.3,0.5,3,0.5595290546586166,0.9777840199694716,0.0309250192346112,1.0
0.3,0.5,4,0.5595290546586166,0.9777840199694716,0.0309250192346112,1.0
0.3,0.5,5,0.559910847811948,0.9777840199694716,0.0412334343745612,1.0
0.3,0.5,6,0.5736566713414927,0.9777840199694716,0.0470624197376089,1.0
0.3,0.5,7,0.574092385562235,0.9777840199694716,0.0588267036976493,1.0
0.3,0.5,8,0.5745279467193589,0.9777840199694716,0.0705868549400013,1.0
0.3,0.5,9,0.574963635571837,0.9777840199694716,0.0823504539569085,1.0
0.3,0.5,10,0.5759278425040333,0.9777840199694716,0.0941039400037495,1.0
0.3,0.5,11,0.5768928742478319,0.9777840199694716,0.1058829535352797,1.0
0.3,0.5,12,0.5778582447666845,0.9777840199694716,0.1176479998504391,1.0
0.3,0.5,13,0.5788229340201426,0.9777840199694716,0.1294109435713566,1.0
0.3,0.5,14,0.5813983375664855,0.9777840199694716,0.135419623806045,1.0
0.3,0.5,15,0.5823939327549263,0.9777840199694716,0.135419623806045,1.0
0.3,0.5,16,0.5842184366647292,0.9777840199694716,0.1458363640989503,1.0
0.3,0.5,17,0.5865793110497013,0.9777840199694716,0.1562509847061825,1.0
0.3,0.5,18,0.5889396451374412,0.9777840199694716,0.1666668721873228,1.0
0.3,0.5,19,0.5913010669501104,0.9777840199694716,0.1770854188328379,1.0
0.4,0.1,1,0.44476844001962207,1.0,0.0235237602592878,0.8888888888888888
0.4,0.1,2,0.44476844001962207,1.0,0.0235237602592878,0.8888888888888888
0.4,0.1,3,0.44476844001962207,1.0,0.0235237602592878,0.8888888888888888
0.4,0.1,4,0.44476844001962207,1.0,0.0235237602592878,0.8888888888888888
0.4,0.1,5,0.4455861407798691,1.0,0.0352932656460089,0.9259259259259259
0.4,0.1,6,0.4479559230292798,1.0,0.0470624197376089,0.9629629629629629
0.4,0.1,7,0.46373091102157343,1.0,0.0588267036976493,1.0
0.4,0.1,8,0.4646959325800576,1.0,0.0705868549400013,1.0
0.4,0.1,9,0.46566073356405485,1.0,0.0823504539569085,1.0
0.4,0.1,10,0.4666249404962511,1.0,0.0941039400037495,1.0
0.4,0.1,11,0.46849059587489833,1.0,0.1058829535352797,1.0
0.4,0.1,12,0.47091006624962395,1.0,0.1176479998504391,1.0
0.4,0.1,13,0.4744338586881505,1.0,0.1250030692421463,1.0
0.4,0.1,14,0.4972998108798455,1.0,0.1250030692421463,1.0
0.4,0.1,15,0.4997041551274601,1.0,0.135419623806045,1.0
0.4,0.1,16,0.5025512331382233,1.0,0.1458363640989503,1.0
0.4,0.1,17,0.5054058728370155,1.0,0.1562509847061825,1.0
0.4,0.1,18,0.5082600416017125,1.0,0.1666668721873228,1.0
0.4,0.1,19,0.5111153198148503,1.0,0.1770854188328379,1.0
0.4,0.15,1,0.44476844001962207,1.0,0.0235237602592878,0.8888888888888888
0.4,0.15,2,0.44476844001962207,1.0,0.0235237602592878,0.8888888888888888
0.4,0.15,3,0.44476844001962207,1.0,0.0235237602592878,0.8888888888888888
0.4,0.15,4,0.44476844001962207,1.0,0.0235237602592878,0.8888888888888888
0.4,0.15,5,0.4455861407798691,1.0,0.0352932656460089,0.9259259259259259
0.4,0.15,6,0.4504249043740772,1.0,0.0470624197376089,1.0
0.4,0.15,7,0.46422458332775246,1.0,0.0588267036976493,1.0
0.4,0.15,8,0.4651896048862367,1.0,0.0705868549400013,1.0
0.4,0.15,9,0.46615440587023393,1.0,0.0823504539569085,1.0
0.4,0.15,10,0.4671186128024302,1.0,0.0941039400037495,1.0
0.4,0.15,11,0.46849059587489833,1.0,0.1058829535352797,1.0
0.4,0.15,12,0.47091006624962395,1.0,0.1176479998504391,1.0
0.4,0.15,13,0.4744338586881505,1.0,0.1250030692421463,1.0
0.4,0.15,14,0.4972998108798455,1.0,0.1250030692421463,1.0
0.4,0.15,15,0.4997041551274601,1.0,0.135419623806045,1.0
0.4,0.15,16,0.5025512331382233,1.0,0.1458363640989503,1.0
0.4,0.15,17,0.5054058728370155,1.0,0.1562509847061825,1.0
0.4,0.15,18,0.5082600416017125,1.0,0.1666668721873228,1.0
0.4,0.15,19,0.5111153198148503,1.0,0.1770854188328379,1.0
0.4,0.2,1,0.44476844001962207,1.0,0.0235237602592878,0.8888888888888888
0.4,0.2,2,0.44476844001962207,1.0,0.0235237602592878,0.8888888888888888
0.4,0.2,3,0.44476844001962207,1.0,0.0235237602592878,0.8888888888888888
0.4,0.2,4,0.44476844001962207,1.0,0.0235237602592878,0.8888888888888888
0.4,0.2,5,0.4455861407798691,1.0,0.0352932656460089,0.9259259259259259
0.4,0.2,6,0.45091890667614654,1.0,0.0470624197376089,1.0
0.4,0.2,7,0.4647185856298218,1.0,0.0588267036976493,1.0
0.4,0.2,8,0.46568360718830604,1.0,0.0705868549400013,1.0
0.4,0.2,9,0.46664840817230335,1.0,0.0823504539569085,1.0
0.4,0.2,10,0.4676126151044996,1.0,0.0941039400037495,1.0
0.4,0.2,11,0.46898459817696764,1.0,0.1058829535352797,1.0
0.4,0.2,12,0.47091006624962395,1.0,0.1176479998504391,1.0
0.4,0.2,13,0.4744338586881505,1.0,0.1250030692421463,1.0
0.4,0.2,14,0.4972998108798455,1.0,0.1250030692421463,1.0
0.4,0.2,15,0.4997041551274601,1.0,0.135419623806045,1.0
0.4,0.2,16,0.5025512331382233,1.0,0.1458363640989503,1.0
0.4,0.2,17,0.5054058728370155,1.0,0.1562509847061825,1.0
0.4,0.2,18,0.5082600416017125,1.0,0.1666668721873228,1.0
0.4,0.2,19,0.5111153198148503,1.0,0.1770854188328379,1.0
0.4,0.25,1,0.4452903166184004,1.0,0.0235237602592878,0.8888888888888888
0.4,0.25,2,0.4452903166184004,1.0,0.0235237602592878,0.8888888888888888
0.4,0.25,3,0.4452903166184004,1.0,0.0235237602592878,0.8888888888888888
0.4,0.25,4,0.4452903166184004,1.0,0.0235237602592878,0.8888888888888888
0.4,0.25,5,0.4461080173786474,1.0,0.0352932656460089,0.9259259259259259
0.4,0.25,6,0.45242843101890845,1.0,0.0470624197376089,1.0
0.4,0.25,7,0.4662281099725836,1.0,0.0588267036976493,1.0
0.4,0.25,8,0.4671931315310679,1.0,0.0705868549400013,1.0
0.4,0.25,9,0.4681579325150651,1.0,0.0823504539569085,1.0
0.4,0.25,10,0.4691221394472614,1.0,0.0941039400037495,1.0
0.4,0.25,11,0.47049412251972955,1.0,0.1058829535352797,1.0
0.4,0.25,12,0.47241959059238575,1.0,0.1176479998504391,1.0
0.4,0.25,13,0.47544967895675233,1.0,0.1250030692421463,1.0
0.4,0.25,14,0.4978216874786238,1.0,0.1250030692421463,1.0
0.4,0.25,15,0.5002260317262384,1.0,0.135419623806045,1.0
0.4,0.25,16,0.5030731097370016,1.0,0.1458363640989503,1.0
0.4,0.25,17,0.5059277494357938,1.0,0.1562509847061825,1.0
0.4,0.25,18,0.5087819182004908,1.0,0.1666668721873228,1.0
0.4,0.25,19,0.5116371964136286,1.0,0.1770854188328379,1.0
0.4,0.3,1,0.4462806955834495,1.0,0.0235237602592878,0.8888888888888888
0.4,0.3,2,0.4462806955834495,1.0,0.0235237602592878,0.8888888888888888
0.4,0.3,3,0.4462806955834495,1.0,0.0235237602592878,0.8888888888888888
0.4,0.3,4,0.4462806955834495,1.0,0.0235237602592878,0.8888888888888888
0.4,0.3,5,0.4470983963436965,1.0,0.0352932656460089,0.9259259259259259
0.4,0.3,6,0.45493589872184487,1.0,0.0470624197376089,1.0
0.4,0.3,7,0.46873557767552015,1.0,0.0588267036976493,1.0
0.4,0.3,8,0.46917113883264433,1.0,0.0705868549400013,1.0
0.4,0.3,9,0.4701359398166416,1.0,0.0823504539569085,1.0
0.4,0.3,10,0.4711001467488379,1.0,0.0941039400037495,1.0
0.4,0.3,11,0.47247212982130593,1.0,0.1058829535352797,1.0
0.4,0.3,12,0.47439759789396224,1.0,0.1176479998504391,1.0
0.4,0.3,13,0.47742768625832877,1.0,0.1250030692421463,1.0
0.4,0.3,14,0.4997996947802003,1.0,0.1250030692421463,1.0
0.4,0.3,15,0.5017101317136382,1.0,0.135419623806045,1.0
0.4,0.3,16,0.5040634887020508,1.0,0.1458363640989503,1.0
0.4,0.3,17,0.5069181284008429,1.0,0.1562509847061825,1.0
0.4,0.3,18,0.50977229716554,1.0,0.1666668721873228,1.0
0.4,0.3,19,0.5126275753786778,1.0,0.1770854188328379,1.0
0.4,0.35,1,0.44974343842075837,1.0,0.0235237602592878,0.8888888888888888
0.4,0.35,2,0.44974343842075837,1.0,0.0235237602592878,0.8888888888888888
0.4,0.35,3,0.44974343842075837,1.0,0.0235237602592878,0.8888888888888888
0.4,0.35,4,0.44974343842075837,1.0,0.0235237602592878,0.8888888888888888
0.4,0.35,5,0.45056113918100543,1.0,0.0352932656460089,0.9259259259259259
0.4,0.35,6,0.45889240687297383,1.0,0.0470624197376089,1.0
0.4,0.35,7,0.472692085826649,1.0,0.0588267036976493,1.0
0.4,0.35,8,0.4731276469837732,1.0,0.0705868549400013,1.0
0.4,0.35,9,0.4740924479677705,1.0,0.0823504539569085,1.0
0.4,0.35,10,0.4750566548999668,1.0,0.0941039400037495,1.0
0.4,0.35,11,0.4764286379724349,1.0,0.1058829535352797,1.0
0.4,0.35,12,0.47835410604509115,1.0,0.1176479998504391,1.0
0.4,0.35,13,0.4813841944094577,1.0,0.1294109435713566,1.0
0.4,0.35,14,0.5057910192530745,1.0,0.135419623806045,1.0
0.4,0.35,15,0.507315657869331,1.0,0.135419623806045,1.0
0.4,0.35,16,0.5096690148577435,1.0,0.1458363640989503,1.0
0.4,0.35,17,0.5120298892427156,1.0,0.1562509847061825,1.0
0.4,0.35,18,0.5148840580074127,1.0,0.1666668721873228,1.0
0.4,0.35,19,0.5177393362205505,1.0,0.1770854188328379,1.0
0.4,0.4,1,0.4525082294698822,1.0,0.0235237602592878,0.8888888888888888
0.4,0.4,2,0.4525082294698822,1.0,0.0235237602592878,0.8888888888888888
0.4,0.4,3,0.4525082294698822,1.0,0.0235237602592878,0.8888888888888888
0.4,0.4,4,0.4525082294698822,1.0,0.0235237602592878,0.8888888888888888
0.4,0.4,5,0.45332593023012924,1.0,0.0352932656460089,0.9259259259259259
0.4,0.4,6,0.46215103259905466,1.0,0.0470624197376089,1.0
0.4,0.4,7,0.47595071155272994,1.0,0.0588267036976493,1.0
0.4,0.4,8,0.4763862727098541,1.0,0.0705868549400013,1.0
0.4,0.4,9,0.47735107369385144,1.0,0.0823504539569085,1.0
0.4,0.4,10,0.4783152806260476,1.0,0.0941039400037495,1.0
0.4,0.4,11,0.47928031236984625,1.0,0.1058829535352797,1.0
0.4,0.4,12,0.4812057804425025,1.0,0.1176479998504391,1.0
0.4,0.4,13,0.49441067407365674,1.0,0.1294109435713566,1.0
0.4,0.4,14,0.5086426936504859,1.0,0.135419623806045,1.0
0.4,0.4,15,0.5101673322667424,1.0,0.135419623806045,1.0
0.4,0.4,16,0.5125206892551548,1.0,0.1458363640989503,1.0
0.4,0.4,17,0.5148815636401269,1.0,0.1562509847061825,1.0
0.4,0.4,18,0.5172418977278669,1.0,0.1666668721873228,1.0
0.4,0.4,19,0.5200971759410047,1.0,0.1770854188328379,1.0
0.4,0.45,1,0.47013902145064496,0.9666652449045674,0.0309250192346112,0.9259259259259259
0.4,0.45,2,0.47013902145064496,0.9666652449045674,0.0309250192346112,0.9259259259259259
0.4,0.45,3,0.47013902145064496,0.9666652449045674,0.0309250192346112,0.9259259259259259
0.4,0.45,4,0.47013902145064496,0.9666652449045674,0.0309250192346112,0.9259259259259259
0.4,0.45,5,0.4705208146039764,0.9666652449045674,0.0352932656460089,0.9259259259259259
0.4,0.45,6,0.48036888550488965,0.9666652449045674,0.0470624197376089,1.0
0.4,0.45,7,0.4941685644585649,0.9666652449045674,0.0588267036976493,1.0
0.4,0.45,8,0.494604125615689,0.9666652449045674,0.0705868549400013,1.0
0.4,0.45,9,0.495039814468167,0.9666652449045674,0.0823504539569085,1.0
0.4,0.45,10,0.49600402140036326,0.9666652449045674,0.0941039400037495,1.0
0.4,0.45,11,0.4969690531441619,0.9666652449045674,0.1058829535352797,1.0
0.4,0.45,12,0.5101441157073028,0.9666652449045674,0.1176479998504391,1.0
0.4,0.45,13,0.5260343995336164,0.9666652449045674,0.1294109435713566,1.0
0.4,0.45,14,0.5280809500013498,0.9666652449045674,0.135419623806045,1.0
0.4,0.45,15,0.5290765451897906,0.9666652449045674,0.135419623806045,1.0
0.4,0.45,16,0.5314299021782032,0.9666652449045674,0.1458363640989503,1.0
0.4,0.45,17,0.5337907765631753,0.9666652449045674,0.1562509847061825,1.0
0.4,0.45,18,0.536151110650915,0.9666652449045674,0.1666668721873228,1.0
0.4,0.45,19,0.5385125324635844,0.9666652449045674,0.1770854188328379,1.0
0.4,0.5,1,0.5595290546586166,0.9777840199694716,0.0309250192346112,1.0
0.4,0.5,2,0.5595290546586166,0.9777840199694716,0.0309250192346112,1.0
0.4,0.5,3,0.5595290546586166,0.9777840199694716,0.0309250192346112,1.0
0.4,0.5,4,0.5595290546586166,0.9777840199694716,0.0309250192346112,1.0
0.4,0.5,5,0.559910847811948,0.9777840199694716,0.0412334343745612,1.0
0.4,0.5,6,0.5736566713414927,0.9777840199694716,0.0470624197376089,1.0
0.4,0.5,7,0.574092385562235,0.9777840199694716,0.0588267036976493,1.0
0.4,0.5,8,0.5745279467193589,0.9777840199694716,0.0705868549400013,1.0
0.4,0.5,9,0.574963635571837,0.9777840199694716,0.0823504539569085,1.0
0.4,0.5,10,0.5759278425040333,0.9777840199694716,0.0941039400037495,1.0
0.4,0.5,11,0.5768928742478319,0.9777840199694716,0.1058829535352797,1.0
0.4,0.5,12,0.5778582447666845,0.9777840199694716,0.1176479998504391,1.0
0.4,0.5,13,0.5788229340201426,0.9777840199694716,0.1294109435713566,1.0
0.4,0.5,14,0.5813983375664855,0.9777840199694716,0.135419623806045,1.0
0.4,0.5,15,0.5823939327549263,0.9777840199694716,0.135419623806045,1.0
0.4,0.5,16,0.5842184366647292,0.9777840199694716,0.1458363640989503,1.0
0.4,0.5,17,0.5865793110497013,0.9777840199694716,0.1562509847061825,1.0
0.4,0.5,18,0.5889396451374412,0.9777840199694716,0.1666668721873228,1.0
0.4,0.5,19,0.5913010669501104,0.9777840199694716,0.1770854188328379,1.0
0.5,0.1,1,0.4909871083071124,0.9777840199694716,0.0309250192346112,0.9629629629629629
0.5,0.1,2,0.4909871083071124,0.9777840199694716,0.0309250192346112,0.9629629629629629
0.5,0.1,3,0.4909871083071124,0.9777840199694716,0.0309250192346112,0.9629629629629629
0.5,0.1,4,0.4909871083071124,0.9777840199694716,0.0309250192346112,0.9629629629629629
0.5,0.1,5,0.4913689014604439,0.9777840199694716,0.0352932656460089,0.9629629629629629
0.5,0.1,6,0.5060444795025003,0.9777840199694716,0.0470624197376089,0.9629629629629629
0.5,0.1,7,0.5084555027618609,0.9777840199694716,0.0588267036976493,1.0
0.5,0.1,8,0.509420524320345,0.9777840199694716,0.0705868549400013,1.0
0.5,0.1,9,0.5103853253043423,0.9777840199694716,0.0823504539569085,1.0
0.5,0.1,10,0.5113495322365386,0.9777840199694716,0.0941039400037495,1.0
0.5,0.1,11,0.5128082362865163,0.9777840199694716,0.1058829535352797,1.0
0.5,0.1,12,0.5256635115508242,0.9777840199694716,0.1176479998504391,1.0
0.5,0.1,13,0.5276749053254223,0.9777840199694716,0.1250030692421463,1.0
0.5,0.1,14,0.5296863560351633,0.9777840199694716,0.1250030692421463,1.0
0.5,0.1,15,0.5320907002827777,0.9777840199694716,0.135419623806045,1.0
0.5,0.1,16,0.534937778293541,0.9777840199694716,0.1458363640989503,1.0
0.5,0.1,17,0.5377924179923332,0.9777840199694716,0.1562509847061825,1.0
0.5,0.1,18,0.5406465867570303,0.9777840199694716,0.1666668721873228,1.0
0.5,0.1,19,0.5435018649701681,0.9777840199694716,0.1770854188328379,1.0
0.5,0.15,1,0.4909871083071124,0.9777840199694716,0.0309250192346112,0.9629629629629629
0.5,0.15,2,0.4909871083071124,0.9777840199694716,0.0309250192346112,0.9629629629629629
0.5,0.15,3,0.4909871083071124,0.9777840199694716,0.0309250192346112,0.9629629629629629
0.5,0.15,4,0.4909871083071124,0.9777840199694716,0.0309250192346112,0.9629629629629629
0.5,0.15,5,0.4913689014604439,0.9777840199694716,0.0352932656460089,0.9629629629629629
0.5,0.15,6,0.5085134608472978,0.9777840199694716,0.0470624197376089,1.0
0.5,0.15,7,0.5089491750680399,0.9777840199694716,0.0588267036976493,1.0
0.5,0.15,8,0.509914196626524,0.9777840199694716,0.0705868549400013,1.0
0.5,0.15,9,0.5108789976105214,0.9777840199694716,0.0823504539569085,1.0
0.5,0.15,10,0.5118432045427176,0.9777840199694716,0.0941039400037495,1.0
0.5,0.15,11,0.5128082362865163,0.9777840199694716,0.1058829535352797,1.0
0.5,0.15,12,0.5256635115508242,0.9777840199694716,0.1176479998504391,1.0
0.5,0.15,13,0.5276749053254223,0.9777840199694716,0.1250030692421463,1.0
0.5,0.15,14,0.5296863560351633,0.9777840199694716,0.1250030692421463,1.0
0.5,0.15,15,0.5320907002827777,0.9777840199694716,0.135419623806045,1.0
0.5,0.15,16,0.534937778293541,0.9777840199694716,0.1458363640989503,1.0
0.5,0.15,17,0.5377924179923332,0.9777840199694716,0.1562509847061825,1.0
0.5,0.15,18,0.5406465867570303,0.9777840199694716,0.1666668721873228,1.0
0.5,0.15,19,0.5435018649701681,0.9777840199694716,0.1770854188328379,1.0
0.5,0.2,1,0.4909871083071124,0.9777840199694716,0.0309250192346112,0.9629629629629629
0.5,0.2,2,0.4909871083071124,0.9777840199694716,0.0309250192346112,0.9629629629629629
0.5,0.2,3,0.4909871083071124,0.9777840199694716,0.0309250192346112,0.9629629629629629
0.5,0.2,4,0.4909871083071124,0.9777840199694716,0.0309250192346112,0.9629629629629629
0.5,0.2,5,0.4913689014604439,0.9777840199694716,0.0352932656460089,0.9629629629629629
0.5,0.2,6,0.5090074631493672,0.9777840199694716,0.0470624197376089,1.0
0.5,0.2,7,0.5094431773701094,0.9777840199694716,0.0588267036976493,1.0
0.5,0.2,8,0.5104081989285935,0.9777840199694716,0.0705868549400013,1.0
0.5,0.2,9,0.5113729999125908,0.9777840199694716,0.0823504539569085,1.0
0.5,0.2,10,0.512337206844787,0.9777840199694716,0.0941039400037495,1.0
0.5,0.2,11,0.5133022385885856,0.9777840199694716,0.1058829535352797,1.0
0.5,0.2,12,0.5256635115508242,0.9777840199694716,0.1176479998504391,1.0
0.5,0.2,13,0.5276749053254223,0.9777840199694716,0.1250030692421463,1.0
0.5,0.2,14,0.5296863560351633,0.9777840199694716,0.1250030692421463,1.0
0.5,0.2,15,0.5320907002827777,0.9777840199694716,0.135419623806045,1.0
0.5,0.2,16,0.534937778293541,0.9777840199694716,0.1458363640989503,1.0
0.5,0.2,17,0.5377924179923332,0.9777840199694716,0.1562509847061825,1.0
0.5,0.2,18,0.5406465867570303,0.9777840199694716,0.1666668721873228,1.0
0.5,0.2,19,0.5435018649701681,0.9777840199694716,0.1770854188328379,1.0
0.5,0.25,1,0.4909871083071124,0.9777840199694716,0.0309250192346112,0.9629629629629629
0.5,0.25,2,0.4909871083071124,0.9777840199694716,0.0309250192346112,0.9629629629629629
0.5,0.25,3,0.4909871083071124,0.9777840199694716,0.0309250192346112,0.9629629629629629
0.5,0.25,4,0.4909871083071124,0.9777840199694716,0.0309250192346112,0.9629629629629629
0.5,0.25,5,0.4913689014604439,0.9777840199694716,0.0352932656460089,0.9629629629629629
0.5,0.25,6,0.5099951108933506,0.9777840199694716,0.0470624197376089,1.0
0.5,0.25,7,0.5104308251140929,0.9777840199694716,0.0588267036976493,1.0
0.5,0.25,8,0.5113958466725769,0.9777840199694716,0.0705868549400013,1.0
0.5,0.25,9,0.5123606476565743,0.9777840199694716,0.0823504539569085,1.0
0.5,0.25,10,0.5133248545887705,0.9777840199694716,0.0941039400037495,1.0
0.5,0.25,11,0.5142898863325692,0.9777840199694716,0.1058829535352797,1.0
0.5,0.25,12,0.5266511592948077,0.9777840199694716,0.1176479998504391,1.0
0.5,0.25,13,0.5281688489952456,0.9777840199694716,0.1250030692421463,1.0
0.5,0.25,14,0.5296863560351633,0.9777840199694716,0.1250030692421463,1.0
0.5,0.25,15,0.5320907002827777,0.9777840199694716,0.135419623806045,1.0
0.5,0.25,16,0.534937778293541,0.9777840199694716,0.1458363640989503,1.0
0.5,0.25,17,0.5377924179923332,0.9777840199694716,0.1562509847061825,1.0
0.5,0.25,18,0.5406465867570303,0.9777840199694716,0.1666668721873228,1.0
0.5,0.25,19,0.5435018649701681,0.9777840199694716,0.1770854188328379,1.0
0.5,0.3,1,0.49203783190737105,0.9777840199694716,0.0309250192346112,0.9629629629629629
0.5,0.3,2,0.49203783190737105,0.9777840199694716,0.0309250192346112,0.9629629629629629
0.5,0.3,3,0.49203783190737105,0.9777840199694716,0.0309250192346112,0.9629629629629629
0.5,0.3,4,0.49203783190737105,0.9777840199694716,0.0309250192346112,0.9629629629629629
0.5,0.3,5,0.49241962506070264,0.9777840199694716,0.0352932656460089,0.9629629629629629
0.5,0.3,6,0.5120334628301367,0.9777840199694716,0.0470624197376089,1.0
0.5,0.3,7,0.5124691770508788,0.9777840199694716,0.0588267036976493,1.0
0.5,0.3,8,0.512904738208003,0.9777840199694716,0.0705868549400013,1.0
0.5,0.3,9,0.5138695391920004,0.9777840199694716,0.0823504539569085,1.0
0.5,0.3,10,0.5148337461241966,0.9777840199694716,0.0941039400037495,1.0
0.5,0.3,11,0.5157987778679951,0.9777840199694716,0.1058829535352797,1.0
0.5,0.3,12,0.5281600508302338,0.9777840199694716,0.1176479998504391,1.0
0.5,0.3,13,0.5296777405306716,0.9777840199694716,0.1250030692421463,1.0
0.5,0.3,14,0.5311952475705892,0.9777840199694716,0.1250030692421463,1.0
0.5,0.3,15,0.5331056845040272,0.9777840199694716,0.135419623806045,1.0
0.5,0.3,16,0.5354590414924398,0.9777840199694716,0.1458363640989503,1.0
0.5,0.3,17,0.5383136811912319,0.9777840199694716,0.1562509847061825,1.0
0.5,0.3,18,0.5411678499559289,0.9777840199694716,0.1666668721873228,1.0
0.5,0.3,19,0.5440231281690667,0.9777840199694716,0.1770854188328379,1.0
0.5,0.35,1,0.49503200828239796,0.9777840199694716,0.0309250192346112,0.9629629629629629
0.5,0.35,2,0.49503200828239796,0.9777840199694716,0.0309250192346112,0.9629629629629629
0.5,0.35,3,0.49503200828239796,0.9777840199694716,0.0309250192346112,0.9629629629629629
0.5,0.35,4,0.49503200828239796,0.9777840199694716,0.0309250192346112,0.9629629629629629
0.5,0.35,5,0.49541380143572944,0.9777840199694716,0.0352932656460089,0.9629629629629629
0.5,0.35,6,0.5155214045189834,0.9777840199694716,0.0470624197376089,1.0
0.5,0.35,7,0.5159571187397257,0.9777840199694716,0.0588267036976493,1.0
0.5,0.35,8,0.5163926798968499,0.9777840199694716,0.0705868549400013,1.0
0.5,0.35,9,0.5173574808808472,0.9777840199694716,0.0823504539569085,1.0
0.5,0.35,10,0.5183216878130434,0.9777840199694716,0.0941039400037495,1.0
0.5,0.35,11,0.5192867195568421,0.9777840199694716,0.1058829535352797,1.0
0.5,0.35,12,0.5316479925190807,0.9777840199694716,0.1176479998504391,1.0
0.5,0.35,13,0.5331656822195184,0.9777840199694716,0.1294109435713566,1.0
0.5,0.35,14,0.5346831892594363,0.9777840199694716,0.135419623806045,1.0
0.5,0.35,15,0.5362078278756928,0.9777840199694716,0.135419623806045,1.0
0.5,0.35,16,0.5385611848641052,0.9777840199694716,0.1458363640989503,1.0
0.5,0.35,17,0.5409220592490773,0.9777840199694716,0.1562509847061825,1.0
0.5,0.35,18,0.5437762280137743,0.9777840199694716,0.1666668721873228,1.0
0.5,0.35,19,0.5466315062269121,0.9777840199694716,0.1770854188328379,1.0
0.5,0.4,1,0.49607559072246526,0.9777840199694716,0.0309250192346112,0.9629629629629629
0.5,0.4,2,0.49607559072246526,0.9777840199694716,0.0309250192346112,0.9629629629629629
0.5,0.4,3,0.49607559072246526,0.9777840199694716,0.0309250192346112,0.9629629629629629
0.5,0.4,4,0.49607559072246526,0.9777840199694716,0.0309250192346112,0.9629629629629629
0.5,0.4,5,0.49645738387579674,0.9777840199694716,0.0352932656460089,0.9629629629629629
0.5,0.4,6,0.5170588216360079,0.9777840199694716,0.0470624197376089,1.0
0.5,0.4,7,0.5174945358567502,0.9777840199694716,0.0588267036976493,1.0
0.5,0.4,8,0.5179300970138744,0.9777840199694716,0.0705868549400013,1.0
0.5,0.4,9,0.5188948979978717,0.9777840199694716,0.0823504539569085,1.0
0.5,0.4,10,0.5198591049300679,0.9777840199694716,0.0941039400037495,1.0
0.5,0.4,11,0.5208241366738665,0.9777840199694716,0.1058829535352797,1.0
0.5,0.4,12,0.5331854096361052,0.9777840199694716,0.1176479998504391,1.0
0.5,0.4,13,0.534703099336543,0.9777840199694716,0.1294109435713566,1.0
0.5,0.4,14,0.5362206063764606,0.9777840199694716,0.135419623806045,1.0
0.5,0.4,15,0.5377452449927171,0.9777840199694716,0.135419623806045,1.0
0.5,0.4,16,0.5400986019811296,0.9777840199694716,0.1458363640989503,1.0
0.5,0.4,17,0.5424594763661018,0.9777840199694716,0.1562509847061825,1.0
0.5,0.4,18,0.5448198104538416,0.9777840199694716,0.1666668721873228,1.0
0.5,0.4,19,0.5476750886669794,0.9777840199694716,0.1770854188328379,1.0
0.5,0.45,1,0.5007247827662292,0.9777840199694716,0.0309250192346112,0.9629629629629629
0.5,0.45,2,0.5007247827662292,0.9777840199694716,0.0309250192346112,0.9629629629629629
0.5,0.45,3,0.5007247827662292,0.9777840199694716,0.0309250192346112,0.9629629629629629
0.5,0.45,4,0.5007247827662292,0.9777840199694716,0.0309250192346112,0.9629629629629629
0.5,0.45,5,0.5011065759195606,0.9777840199694716,0.0352932656460089,0.9629629629629629
0.5,0.45,6,0.5222018700802403,0.9777840199694716,0.0470624197376089,1.0
0.5,0.45,7,0.5226375843009825,0.9777840199694716,0.0588267036976493,1.0
0.5,0.45,8,0.5230731454581067,0.9777840199694716,0.0705868549400013,1.0
0.5,0.45,9,0.5235088343105847,0.9777840199694716,0.0823504539569085,1.0
0.5,0.45,10,0.524473041242781,0.9777840199694716,0.0941039400037495,1.0
0.5,0.45,11,0.5254380729865796,0.9777840199694716,0.1058829535352797,1.0
0.5,0.45,12,0.5386131355497205,0.9777840199694716,0.1176479998504391,1.0
0.5,0.45,13,0.5401308252501583,0.9777840199694716,0.1294109435713566,1.0
0.5,0.45,14,0.5421773757178917,0.9777840199694716,0.135419623806045,1.0
0.5,0.45,15,0.5431729709063325,0.9777840199694716,0.135419623806045,1.0
0.5,0.45,16,0.5455263278947451,0.9777840199694716,0.1458363640989503,1.0
0.5,0.45,17,0.5478872022797172,0.9777840199694716,0.1562509847061825,1.0
0.5,0.45,18,0.5502475363674569,0.9777840199694716,0.1666668721873228,1.0
0.5,0.45,19,0.5526089581801263,0.9777840199694716,0.1770854188328379,1.0
0.5,0.5,1,0.5595290546586166,0.9777840199694716,0.0309250192346112,1.0
0.5,0.5,2,0.5595290546586166,0.9777840199694716,0.0309250192346112,1.0
0.5,0.5,3,0.5595290546586166,0.9777840199694716,0.0309250192346112,1.0
0.5,0.5,4,0.5595290546586166,0.9777840199694716,0.0309250192346112,1.0
0.5,0.5,5,0.559910847811948,0.9777840199694716,0.0412334343745612,1.0
0.5,0.5,6,0.5736566713414927,0.9777840199694716,0.0470624197376089,1.0
0.5,0.5,7,0.574092385562235,0.9777840199694716,0.0588267036976493,1.0
0.5,0.5,8,0.5745279467193589,0.9777840199694716,0.0705868549400013,1.0
0.5,0.5,9,0.574963635571837,0.9777840199694716,0.0823504539569085,1.0
0.5,0.5,10,0.5759278425040333,0.9777840199694716,0.0941039400037495,1.0
0.5,0.5,11,0.5768928742478319,0.9777840199694716,0.1058829535352797,1.0
0.5,0.5,12,0.5778582447666845,0.9777840199694716,0.1176479998504391,1.0
0.5,0.5,13,0.5788229340201426,0.9777840199694716,0.1294109435713566,1.0
0.5,0.5,14,0.5813983375664855,0.9777840199694716,0.135419623806045,1.0
0.5,0.5,15,0.5823939327549263,0.9777840199694716,0.135419623806045,1.0
0.5,0.5,16,0.5842184366647292,0.9777840199694716,0.1458363640989503,1.0
0.5,0.5,17,0.5865793110497013,0.9777840199694716,0.1562509847061825,1.0
0.5,0.5,18,0.5889396451374412,0.9777840199694716,0.1666668721873228,1.0
0.5,0.5,19,0.5913010669501104,0.9777840199694716,0.1770854188328379,1.0
0.6,0.1,1,0.5449451106942014,1.0,0.0309250192346112,0.9629629629629629
0.6,0.1,2,0.5449451106942014,1.0,0.0309250192346112,0.9629629629629629
0.6,0.1,3,0.5449451106942014,1.0,0.0309250192346112,0.9629629629629629
0.6,0.1,4,0.5449451106942014,1.0,0.0309250192346112,0.9629629629629629
0.6,0.1,5,0.5453269038475329,1.0,0.0352932656460089,0.9629629629629629
0.6,0.1,6,0.5600024818895893,1.0,0.0470624197376089,0.9629629629629629
0.6,0.1,7,0.5624135051489498,1.0,0.0588267036976493,1.0
0.6,0.1,8,0.5633785267074339,1.0,0.0705868549400013,1.0
0.6,0.1,9,0.5643433276914314,1.0,0.0823504539569085,1.0
0.6,0.1,10,0.5653075346236276,1.0,0.0941039400037495,1.0
0.6,0.1,11,0.5667662386736053,1.0,0.1058829535352797,1.0
0.6,0.1,12,0.5682256114945271,1.0,0.1176479998504391,1.0
0.6,0.1,13,0.5696840048221453,1.0,0.1294109435713566,1.0
0.6,0.1,14,0.5716954555318864,1.0,0.135419623806045,1.0
0.6,0.1,15,0.5737140014623194,1.0,0.135419623806045,1.0
0.6,0.1,16,0.5761038451903423,1.0,0.1458363640989503,1.0
0.6,0.1,17,0.5789584848891345,1.0,0.1562509847061825,1.0
0.6,0.1,18,0.5818126536538315,1.0,0.1666668721873228,1.0
0.6,0.1,19,0.5846679318669693,1.0,0.1770854188328379,1.0
0.6,0.15,1,0.5449451106942014,1.0,0.0309250192346112,0.9629629629629629
0.6,0.15,2,0.5449451106942014,1.0,0.0309250192346112,0.9629629629629629
0.6,0.15,3,0.5449451106942014,1.0,0.0309250192346112,0.9629629629629629
0.6,0.15,4,0.5449451106942014,1.0,0.0309250192346112,0.9629629629629629
0.6,0.15,5,0.5453269038475329,1.0,0.0352932656460089,0.9629629629629629
0.6,0.15,6,0.5624714632343867,1.0,0.0470624197376089,1.0
0.6,0.15,7,0.562907177455129,1.0,0.0588267036976493,1.0
0.6,0.15,8,0.5638721990136132,1.0,0.0705868549400013,1.0
0.6,0.15,9,0.5648369999976104,1.0,0.0823504539569085,1.0
0.6,0.15,10,0.5658012069298066,1.0,0.0941039400037495,1.0
0.6,0.15,11,0.5667662386736053,1.0,0.1058829535352797,1.0
0.6,0.15,12,0.5682256114945271,1.0,0.1176479998504391,1.0
0.6,0.15,13,0.5696840048221453,1.0,0.1294109435713566,1.0
0.6,0.15,14,0.5716954555318864,1.0,0.135419623806045,1.0
0.6,0.15,15,0.5737140014623194,1.0,0.135419623806045,1.0
0.6,0.15,16,0.5761038451903423,1.0,0.1458363640989503,1.0
0.6,0.15,17,0.5789584848891345,1.0,0.1562509847061825,1.0
0.6,0.15,18,0.5818126536538315,1.0,0.1666668721873228,1.0
0.6,0.15,19,0.5846679318669693,1.0,0.1770854188328379,1.0
0.6,0.2,1,0.5449451106942014,1.0,0.0309250192346112,0.9629629629629629
0.6,0.2,2,0.5449451106942014,1.0,0.0309250192346112,0.9629629629629629
0.6,0.2,3,0.5449451106942014,1.0,0.0309250192346112,0.9629629629629629
0.6,0.2,4,0.5449451106942014,1.0,0.0309250192346112,0.9629629629629629
0.6,0.2,5,0.5453269038475329,1.0,0.0352932656460089,0.9629629629629629
0.6,0.2,6,0.5629654655364561,1.0,0.0470624197376089,1.0
0.6,0.2,7,0.5634011797571984,1.0,0.0588267036976493,1.0
0.6,0.2,8,0.5643662013156825,1.0,0.0705868549400013,1.0
0.6,0.2,9,0.5653310022996798,1.0,0.0823504539569085,1.0
0.6,0.2,10,0.566295209231876,1.0,0.0941039400037495,1.0
0.6,0.2,11,0.5672602409756747,1.0,0.1058829535352797,1.0
0.6,0.2,12,0.5682256114945271,1.0,0.1176479998504391,1.0
0.6,0.2,13,0.5696840048221453,1.0,0.1294109435713566,1.0
0.6,0.2,14,0.5716954555318864,1.0,0.135419623806045,1.0
0.6,0.2,15,0.5737140014623194,1.0,0.135419623806045,1.0
0.6,0.2,16,0.5761038451903423,1.0,0.1458363640989503,1.0
0.6,0.2,17,0.5789584848891345,1.0,0.1562509847061825,1.0
0.6,0.2,18,0.5818126536538315,1.0,0.1666668721873228,1.0
0.6,0.2,19,0.5846679318669693,1.0,0.1770854188328379,1.0
0.6,0.25,1,0.5449451106942014,1.0,0.0309250192346112,0.9629629629629629
0.6,0.25,2,0.5449451106942014,1.0,0.0309250192346112,0.9629629629629629
0.6,0.25,3,0.5449451106942014,1.0,0.0309250192346112,0.9629629629629629
0.6,0.25,4,0.5449451106942014,1.0,0.0309250192346112,0.9629629629629629
0.6,0.25,5,0.5453269038475329,1.0,0.0352932656460089,0.9629629629629629
0.6,0.25,6,0.5639531132804395,1.0,0.0470624197376089,1.0
0.6,0.25,7,0.5643888275011818,1.0,0.0588267036976493,1.0
0.6,0.25,8,0.565353849059666,1.0,0.0705868549400013,1.0
0.6,0.25,9,0.5663186500436632,1.0,0.0823504539569085,1.0
0.6,0.25,10,0.5672828569758595,1.0,0.0941039400037495,1.0
0.6,0.25,11,0.5682478887196581,1.0,0.1058829535352797,1.0
0.6,0.25,12,0.5692132592385106,1.0,0.1176479998504391,1.0
0.6,0.25,13,0.5701779484919688,1.0,0.1294109435713566,1.0
0.6,0.25,14,0.5716954555318864,1.0,0.135419623806045,1.0
0.6,0.25,15,0.5737140014623194,1.0,0.135419623806045,1.0
0.6,0.25,16,0.5761038451903423,1.0,0.1458363640989503,1.0
0.6,0.25,17,0.5789584848891345,1.0,0.1562509847061825,1.0
0.6,0.25,18,0.5818126536538315,1.0,0.1666668721873228,1.0
0.6,0.25,19,0.5846679318669693,1.0,0.1770854188328379,1.0
0.6,0.3,1,0.5454745710955614,1.0,0.0309250192346112,0.9629629629629629
0.6,0.3,2,0.5454745710955614,1.0,0.0309250192346112,0.9629629629629629
0.6,0.3,3,0.5454745710955614,1.0,0.0309250192346112,0.9629629629629629
0.6,0.3,4,0.5454745710955614,1.0,0.0309250192346112,0.9629629629629629
0.6,0.3,5,0.5458563642488928,1.0,0.0352932656460089,0.9629629629629629
0.6,0.3,6,0.565470202018327,1.0,0.0470624197376089,1.0
0.6,0.3,7,0.5659059162390692,1.0,0.0588267036976493,1.0
0.6,0.3,8,0.5663414773961933,1.0,0.0705868549400013,1.0
0.6,0.3,9,0.5673062783801905,1.0,0.0823504539569085,1.0
0.6,0.3,10,0.5682704853123868,1.0,0.0941039400037495,1.0
0.6,0.3,11,0.5692355170561855,1.0,0.1058829535352797,1.0
0.6,0.3,12,0.570200887575038,1.0,0.1176479998504391,1.0
0.6,0.3,13,0.5711655768284961,1.0,0.1294109435713566,1.0
0.6,0.3,14,0.5726830838684137,1.0,0.135419623806045,1.0
0.6,0.3,15,0.5742077224846702,1.0,0.135419623806045,1.0
0.6,0.3,16,0.5761038451903423,1.0,0.1458363640989503,1.0
0.6,0.3,17,0.5789584848891345,1.0,0.1562509847061825,1.0
0.6,0.3,18,0.5818126536538315,1.0,0.1666668721873228,1.0
0.6,0.3,19,0.5846679318669693,1.0,0.1770854188328379,1.0
0.6,0.35,1,0.5480829491534068,1.0,0.0309250192346112,0.9629629629629629
0.6,0.35,2,0.5480829491534068,1.0,0.0309250192346112,0.9629629629629629
0.6,0.35,3,0.5480829491534068,1.0,0.0309250192346112,0.9629629629629629
0.6,0.35,4,0.5480829491534068,1.0,0.0309250192346112,0.9629629629629629
0.6,0.35,5,0.5484647423067384,1.0,0.0352932656460089,0.9629629629629629
0.6,0.35,6,0.5685723453899925,1.0,0.0470624197376089,1.0
0.6,0.35,7,0.5690080596107345,1.0,0.0588267036976493,1.0
0.6,0.35,8,0.5694436207678587,1.0,0.0705868549400013,1.0
0.6,0.35,9,0.5704084217518561,1.0,0.0823504539569085,1.0
0.6,0.35,10,0.5713726286840524,1.0,0.0941039400037495,1.0
0.6,0.35,11,0.5723376604278508,1.0,0.1058829535352797,1.0
0.6,0.35,12,0.5733030309467034,1.0,0.1176479998504391,1.0
0.6,0.35,13,0.5742677202001616,1.0,0.1294109435713566,1.0
0.6,0.35,14,0.5757852272400792,1.0,0.135419623806045,1.0
0.6,0.35,15,0.5773098658563357,1.0,0.135419623806045,1.0
0.6,0.35,16,0.5792059885620078,1.0,0.1458363640989503,1.0
0.6,0.35,17,0.5815668629469799,1.0,0.1562509847061825,1.0
0.6,0.35,18,0.5844210317116769,1.0,0.1666668721873228,1.0
0.6,0.35,19,0.5872763099248147,1.0,0.1770854188328379,1.0
0.6,0.4,1,0.5491265315934741,1.0,0.0309250192346112,0.9629629629629629
0.6,0.4,2,0.5491265315934741,1.0,0.0309250192346112,0.9629629629629629
0.6,0.4,3,0.5491265315934741,1.0,0.0309250192346112,0.9629629629629629
0.6,0.4,4,0.5491265315934741,1.0,0.0309250192346112,0.9629629629629629
0.6,0.4,5,0.5495083247468057,1.0,0.0352932656460089,0.9629629629629629
0.6,0.4,6,0.5701097625070168,1.0,0.0470624197376089,1.0
0.6,0.4,7,0.5705454767277591,1.0,0.0588267036976493,1.0
0.6,0.4,8,0.5709810378848833,1.0,0.0705868549400013,1.0
0.6,0.4,9,0.5719458388688805,1.0,0.0823504539569085,1.0
0.6,0.4,10,0.5729100458010767,1.0,0.0941039400037495,1.0
0.6,0.4,11,0.5738750775448754,1.0,0.1058829535352797,1.0
0.6,0.4,12,0.5748404480637278,1.0,0.1176479998504391,1.0
0.6,0.4,13,0.575805137317186,1.0,0.1294109435713566,1.0
0.6,0.4,14,0.5773226443571036,1.0,0.135419623806045,1.0
0.6,0.4,15,0.5788472829733601,1.0,0.135419623806045,1.0
0.6,0.4,16,0.5807434056790322,1.0,0.1458363640989503,1.0
0.6,0.4,17,0.5831042800640043,1.0,0.1562509847061825,1.0
0.6,0.4,18,0.5854646141517442,1.0,0.1666668721873228,1.0
0.6,0.4,19,0.588319892364882,1.0,0.1770854188328379,1.0
0.6,0.45,1,0.5533069406714256,1.0,0.0309250192346112,0.9629629629629629
0.6,0.45,2,0.5533069406714256,1.0,0.0309250192346112,0.9629629629629629
0.6,0.45,3,0.5533069406714256,1.0,0.0309250192346112,0.9629629629629629
0.6,0.45,4,0.5533069406714256,1.0,0.0309250192346112,0.9629629629629629
0.6,0.45,5,0.5536887338247571,1.0,0.0352932656460089,0.9629629629629629
0.6,0.45,6,0.5747840279854367,1.0,0.0470624197376089,1.0
0.6,0.45,7,0.575219742206179,1.0,0.0588267036976493,1.0
0.6,0.45,8,0.5756553033633032,1.0,0.0705868549400013,1.0
0.6,0.45,9,0.5760909922157813,1.0,0.0823504539569085,1.0
0.6,0.45,10,0.5770551991479775,1.0,0.0941039400037495,1.0
0.6,0.45,11,0.578020230891776,1.0,0.1058829535352797,1.0
0.6,0.45,12,0.5789856014106285,1.0,0.1176479998504391,1.0
0.6,0.45,13,0.5799502906640867,1.0,0.1294109435713566,1.0
0.6,0.45,14,0.5819968411318199,1.0,0.135419623806045,1.0
0.6,0.45,15,0.5829924363202608,1.0,0.135419623806045,1.0
0.6,0.45,16,0.5848885590259328,1.0,0.1458363640989503,1.0
0.6,0.45,17,0.5872494334109051,1.0,0.1562509847061825,1.0
0.6,0.45,18,0.5896097674986449,1.0,0.1666668721873228,1.0
0.6,0.45,19,0.5919711893113143,1.0,0.1770854188328379,1.0
0.6,0.5,1,0.5788841450021798,1.0,0.0309250192346112,1.0
0.6,0.5,2,0.5788841450021798,1.0,0.0309250192346112,1.0
0.6,0.5,3,0.5788841450021798,1.0,0.0309250192346112,1.0
0.6,0.5,4,0.5788841450021798,1.0,0.0309250192346112,1.0
0.6,0.5,5,0.5792659381555112,1.0,0.0412334343745612,1.0
0.6,0.5,6,0.5930117616850559,1.0,0.0470624197376089,1.0
0.6,0.5,7,0.5934474759057979,1.0,0.0588267036976493,1.0
0.6,0.5,8,0.5938830370629221,1.0,0.0705868549400013,1.0
0.6,0.5,9,0.5943187259154002,1.0,0.0823504539569085,1.0
0.6,0.5,10,0.5952829328475965,1.0,0.0941039400037495,1.0
0.6,0.5,11,0.5962479645913952,1.0,0.1058829535352797,1.0
0.6,0.5,12,0.5972133351102477,1.0,0.1176479998504391,1.0
0.6,0.5,13,0.5981780243637057,1.0,0.1294109435713566,1.0
0.6,0.5,14,0.6007534279100485,1.0,0.135419623806045,1.0
0.6,0.5,15,0.6017490230984895,1.0,0.135419623806045,1.0
0.6,0.5,16,0.6031162927255518,1.0,0.1458363640989503,1.0
0.6,0.5,17,0.6054771671105241,1.0,0.1562509847061825,1.0
0.6,0.5,18,0.6078375011982639,1.0,0.1666668721873228,1.0
0.6,0.5,19,0.6101989230109333,1.0,0.1770854188328379,1.0
0.7,0.1,1,0.5921133256802081,1.0,0.0309250192346112,0.9629629629629629
0.7,0.1,2,0.5921133256802081,1.0,0.0309250192346112,0.9629629629629629
0.7,0.1,3,0.5921133256802081,1.0,0.0309250192346112,0.9629629629629629
0.7,0.1,4,0.5921133256802081,1.0,0.0309250192346112,0.9629629629629629
0.7,0.1,5,0.6096774286272515,1.0,0.0352932656460089,0.9629629629629629
0.7,0.1,6,0.6106071831397634,1.0,0.0470624197376089,0.9629629629629629
0.7,0.1,7,0.6130182063991237,1.0,0.0588267036976493,1.0
0.7,0.1,8,0.6139832279576081,1.0,0.0705868549400013,1.0
0.7,0.1,9,0.6149480289416054,1.0,0.0823504539569085,1.0
0.7,0.1,10,0.6159122358738016,1.0,0.0941039400037495,1.0
0.7,0.1,11,0.6173709399237793,1.0,0.1058829535352797,1.0
0.7,0.1,12,0.6188303127447012,1.0,0.1176479998504391,1.0
0.7,0.1,13,0.6202887060723193,1.0,0.1294109435713566,1.0
0.7,0.1,14,0.6227430087704698,1.0,0.135419623806045,1.0
0.7,0.1,15,0.6243187027124935,1.0,0.135419623806045,1.0
0.7,0.1,16,0.6267085464405163,1.0,0.1458363640989503,1.0
0.7,0.1,17,0.6291059224967728,1.0,0.1562509847061825,1.0
0.7,0.1,18,0.6315029525020871,1.0,0.1666668721873228,1.0
0.7,0.1,19,0.6339008489202043,1.0,0.1770854188328379,1.0
0.7,0.15,1,0.5921133256802081,1.0,0.0309250192346112,0.9629629629629629
0.7,0.15,2,0.5921133256802081,1.0,0.0309250192346112,0.9629629629629629
0.7,0.15,3,0.5921133256802081,1.0,0.0309250192346112,0.9629629629629629
0.7,0.15,4,0.5921133256802081,1.0,0.0309250192346112,0.9629629629629629
0.7,0.15,5,0.6096774286272515,1.0,0.0352932656460089,0.9629629629629629
0.7,0.15,6,0.6130761644845607,1.0,0.0470624197376089,1.0
0.7,0.15,7,0.613511878705303,1.0,0.0588267036976493,1.0
0.7,0.15,8,0.6144769002637872,1.0,0.0705868549400013,1.0
0.7,0.15,9,0.6154417012477844,1.0,0.0823504539569085,1.0
0.7,0.15,10,0.6164059081799806,1.0,0.0941039400037495,1.0
0.7,0.15,11,0.6173709399237793,1.0,0.1058829535352797,1.0
0.7,0.15,12,0.6188303127447012,1.0,0.1176479998504391,1.0
0.7,0.15,13,0.6202887060723193,1.0,0.1294109435713566,1.0
0.7,0.15,14,0.6227430087704698,1.0,0.135419623806045,1.0
0.7,0.15,15,0.6243187027124935,1.0,0.135419623806045,1.0
0.7,0.15,16,0.6267085464405163,1.0,0.1458363640989503,1.0
0.7,0.15,17,0.6291059224967728,1.0,0.1562509847061825,1.0
0.7,0.15,18,0.6315029525020871,1.0,0.1666668721873228,1.0
0.7,0.15,19,0.6339008489202043,1.0,0.1770854188328379,1.0
0.7,0.2,1,0.5921133256802081,1.0,0.0309250192346112,0.9629629629629629
0.7,0.2,2,0.5921133256802081,1.0,0.0309250192346112,0.9629629629629629
0.7,0.2,3,0.5921133256802081,1.0,0.0309250192346112,0.9629629629629629
0.7,0.2,4,0.5921133256802081,1.0,0.0309250192346112,0.9629629629629629
0.7,0.2,5,0.6096774286272515,1.0,0.0352932656460089,0.9629629629629629
0.7,0.2,6,0.6135701667866301,1.0,0.0470624197376089,1.0
0.7,0.2,7,0.6140058810073723,1.0,0.0588267036976493,1.0
0.7,0.2,8,0.6149709025658565,1.0,0.0705868549400013,1.0
0.7,0.2,9,0.6159357035498538,1.0,0.0823504539569085,1.0
0.7,0.2,10,0.6168999104820501,1.0,0.0941039400037495,1.0
0.7,0.2,11,0.6178649422258486,1.0,0.1058829535352797,1.0
0.7,0.2,12,0.6188303127447012,1.0,0.1176479998504391,1.0
0.7,0.2,13,0.6202887060723193,1.0,0.1294109435713566,1.0
0.7,0.2,14,0.6227430087704698,1.0,0.135419623806045,1.0
0.7,0.2,15,0.6243187027124935,1.0,0.135419623806045,1.0
0.7,0.2,16,0.6267085464405163,1.0,0.1458363640989503,1.0
0.7,0.2,17,0.6291059224967728,1.0,0.1562509847061825,1.0
0.7,0.2,18,0.6315029525020871,1.0,0.1666668721873228,1.0
0.7,0.2,19,0.6339008489202043,1.0,0.1770854188328379,1.0
0.7,0.25,1,0.5921133256802081,1.0,0.0309250192346112,0.9629629629629629
0.7,0.25,2,0.5921133256802081,1.0,0.0309250192346112,0.9629629629629629
0.7,0.25,3,0.5921133256802081,1.0,0.0309250192346112,0.9629629629629629
0.7,0.25,4,0.5921133256802081,1.0,0.0309250192346112,0.9629629629629629
0.7,0.25,5,0.6096774286272515,1.0,0.0352932656460089,0.9629629629629629
0.7,0.25,6,0.6145578145306136,1.0,0.0470624197376089,1.0
0.7,0.25,7,0.6149935287513558,1.0,0.0588267036976493,1.0
0.7,0.25,8,0.61595855030984,1.0,0.0705868549400013,1.0
0.7,0.25,9,0.6169233512938374,1.0,0.0823504539569085,1.0
0.7,0.25,10,0.6178875582260335,1.0,0.0941039400037495,1.0
0.7,0.25,11,0.6188525899698322,1.0,0.1058829535352797,1.0
0.7,0.25,12,0.6198179604886846,1.0,0.1176479998504391,1.0
0.7,0.25,13,0.6207826497421428,1.0,0.1294109435713566,1.0
0.7,0.25,14,0.6227430087704698,1.0,0.135419623806045,1.0
0.7,0.25,15,0.6243187027124935,1.0,0.135419623806045,1.0
0.7,0.25,16,0.6267085464405163,1.0,0.1458363640989503,1.0
0.7,0.25,17,0.6291059224967728,1.0,0.1562509847061825,1.0
0.7,0.25,18,0.6315029525020871,1.0,0.1666668721873228,1.0
0.7,0.25,19,0.6339008489202043,1.0,0.1770854188328379,1.0
0.7,0.3,1,0.5931643224434147,1.0,0.0309250192346112,0.9629629629629629
0.7,0.3,2,0.5931643224434147,1.0,0.0309250192346112,0.9629629629629629
0.7,0.3,3,0.5931643224434147,1.0,0.0309250192346112,0.9629629629629629
0.7,0.3,4,0.5931643224434147,1.0,0.0309250192346112,0.9629629629629629
0.7,0.3,5,0.610728425390458,1.0,0.0352932656460089,0.9629629629629629
0.7,0.3,6,0.6165964396303474,1.0,0.0470624197376089,1.0
0.7,0.3,7,0.6170321538510897,1.0,0.0588267036976493,1.0
0.7,0.3,8,0.6174677150082138,1.0,0.0705868549400013,1.0
0.7,0.3,9,0.618432515992211,1.0,0.0823504539569085,1.0
0.7,0.3,10,0.6193967229244073,1.0,0.0941039400037495,1.0
0.7,0.3,11,0.620361754668206,1.0,0.1058829535352797,1.0
0.7,0.3,12,0.6213271251870585,1.0,0.1176479998504391,1.0
0.7,0.3,13,0.6222918144405165,1.0,0.1294109435713566,1.0
0.7,0.3,14,0.6242521734688437,1.0,0.135419623806045,1.0
0.7,0.3,15,0.6253339600966906,1.0,0.135419623806045,1.0
0.7,0.3,16,0.6272300828023627,1.0,0.1458363640989503,1.0
0.7,0.3,17,0.6296274588586191,1.0,0.1562509847061825,1.0
0.7,0.3,18,0.6320244888639336,1.0,0.1666668721873228,1.0
0.7,0.3,19,0.6344223852820506,1.0,0.1770854188328379,1.0
0.7,0.35,1,0.5936860595994593,1.0,0.0309250192346112,0.9629629629629629
0.7,0.35,2,0.5936860595994593,1.0,0.0309250192346112,0.9629629629629629
0.7,0.35,3,0.5936860595994593,1.0,0.0309250192346112,0.9629629629629629
0.7,0.35,4,0.5936860595994593,1.0,0.0309250192346112,0.9629629629629629
0.7,0.35,5,0.6112501625465024,1.0,0.0352932656460089,0.9629629629629629
0.7,0.35,6,0.617611942100212,1.0,0.0470624197376089,1.0
0.7,0.35,7,0.6180476563209543,1.0,0.0588267036976493,1.0
0.7,0.35,8,0.6184832174780784,1.0,0.0705868549400013,1.0
0.7,0.35,9,0.6194480184620756,1.0,0.0823504539569085,1.0
0.7,0.35,10,0.6204122253942719,1.0,0.0941039400037495,1.0
0.7,0.35,11,0.6213772571380706,1.0,0.1058829535352797,1.0
0.7,0.35,12,0.6223426276569229,1.0,0.1176479998504391,1.0
0.7,0.35,13,0.6233073169103811,1.0,0.1294109435713566,1.0
0.7,0.35,14,0.6252676759387081,1.0,0.135419623806045,1.0
0.7,0.35,15,0.6263494625665552,1.0,0.135419623806045,1.0
0.7,0.35,16,0.6282455852722273,1.0,0.1458363640989503,1.0
0.7,0.35,17,0.6301491960146637,1.0,0.1562509847061825,1.0
0.7,0.35,18,0.632546226019978,1.0,0.1666668721873228,1.0
0.7,0.35,19,0.6349441224380953,1.0,0.1770854188328379,1.0
0.7,0.4,1,0.5947296420395266,1.0,0.0309250192346112,0.9629629629629629
0.7,0.4,2,0.5947296420395266,1.0,0.0309250192346112,0.9629629629629629
0.7,0.4,3,0.5947296420395266,1.0,0.0309250192346112,0.9629629629629629
0.7,0.4,4,0.5947296420395266,1.0,0.0309250192346112,0.9629629629629629
0.7,0.4,5,0.6122937449865697,1.0,0.0352932656460089,0.9629629629629629
0.7,0.4,6,0.6191493592172365,1.0,0.0470624197376089,1.0
0.7,0.4,7,0.6195850734379786,1.0,0.0588267036976493,1.0
0.7,0.4,8,0.6200206345951028,1.0,0.0705868549400013,1.0
0.7,0.4,9,0.6209854355791001,1.0,0.0823504539569085,1.0
0.7,0.4,10,0.6219496425112964,1.0,0.0941039400037495,1.0
0.7,0.4,11,0.622914674255095,1.0,0.1058829535352797,1.0
0.7,0.4,12,0.6238800447739474,1.0,0.1176479998504391,1.0
0.7,0.4,13,0.6248447340274056,1.0,0.1294109435713566,1.0
0.7,0.4,14,0.6268050930557325,1.0,0.135419623806045,1.0
0.7,0.4,15,0.6278868796835797,1.0,0.135419623806045,1.0
0.7,0.4,16,0.6297830023892517,1.0,0.1458363640989503,1.0
0.7,0.4,17,0.6316866131316881,1.0,0.1562509847061825,1.0
0.7,0.4,18,0.6335898084600453,1.0,0.1666668721873228,1.0
0.7,0.4,19,0.6359877048781626,1.0,0.1770854188328379,1.0
0.7,0.45,1,0.5989100511174781,1.0,0.0309250192346112,0.9629629629629629
0.7,0.45,2,0.5989100511174781,1.0,0.0309250192346112,0.9629629629629629
0.7,0.45,3,0.5989100511174781,1.0,0.0309250192346112,0.9629629629629629
0.7,0.45,4,0.5989100511174781,1.0,0.0309250192346112,0.9629629629629629
0.7,0.45,5,0.6164741540645212,1.0,0.0352932656460089,0.9629629629629629
0.7,0.45,6,0.6238236246956563,1.0,0.0470624197376089,1.0
0.7,0.45,7,0.6242593389163986,1.0,0.0588267036976493,1.0
0.7,0.45,8,0.6246949000735228,1.0,0.0705868549400013,1.0
0.7,0.45,9,0.6251305889260008,1.0,0.0823504539569085,1.0
0.7,0.45,10,0.626094795858197,1.0,0.0941039400037495,1.0
0.7,0.45,11,0.6270598276019957,1.0,0.1058829535352797,1.0
0.7,0.45,12,0.6280251981208481,1.0,0.1176479998504391,1.0
0.7,0.45,13,0.6289898873743063,1.0,0.1294109435713566,1.0
0.7,0.45,14,0.6314792898304489,1.0,0.135419623806045,1.0
0.7,0.45,15,0.6320320330304803,1.0,0.135419623806045,1.0
0.7,0.45,16,0.6339281557361524,1.0,0.1458363640989503,1.0
0.7,0.45,17,0.6358317664785889,1.0,0.1562509847061825,1.0
0.7,0.45,18,0.637734961806946,1.0,0.1666668721873228,1.0
0.7,0.45,19,0.6396390018245948,1.0,0.1770854188328379,1.0
0.7,0.5,1,0.624016320171035,1.0,0.0309250192346112,1.0
0.7,0.5,2,0.624016320171035,1.0,0.0309250192346112,1.0
0.7,0.5,3,0.624016320171035,1.0,0.0309250192346112,1.0
0.7,0.5,4,0.624016320171035,1.0,0.0309250192346112,1.0
0.7,0.5,5,0.6415804231180781,1.0,0.0470624197376089,1.0
0.7,0.5,6,0.6415804231180781,1.0,0.0470624197376089,1.0
0.7,0.5,7,0.6420161373388203,1.0,0.0588267036976493,1.0
0.7,0.5,8,0.6424516984959445,1.0,0.0705868549400013,1.0
0.7,0.5,9,0.6428873873484225,1.0,0.0823504539569085,1.0
0.7,0.5,10,0.6438515942806187,1.0,0.0941039400037495,1.0
0.7,0.5,11,0.6448166260244174,1.0,0.1058829535352797,1.0
0.7,0.5,12,0.6457819965432698,1.0,0.1176479998504391,1.0
0.7,0.5,13,0.646746685796728,1.0,0.1294109435713566,1.0
0.7,0.5,14,0.6497649413314803,1.0,0.135419623806045,1.0
0.7,0.5,15,0.6503176845315117,1.0,0.135419623806045,1.0
0.7,0.5,16,0.6516849541585742,1.0,0.1458363640989503,1.0
0.7,0.5,17,0.6535885649010107,1.0,0.1562509847061825,1.0
0.7,0.5,18,0.655491760229368,1.0,0.1666668721873228,1.0
0.7,0.5,19,0.6573958002470166,1.0,0.1770854188328379,1.0
